cluster_id,cluster_size
ee296001,147
2e8bc443,134
181adfa9,96
61349c1d,87
7d8d98d7,66
dbd1cc51,54
a8ed9918,50
e3d05e6f,40
cf2c93d6,38
0f6f82f4,38
95ee9bec,37
ded4566c,37
17ba40c8,37
637b715e,35
d5545e9a,34
21303369,34
797f0e95,34
f0477112,34
cb2a5d73,32
d0e89f1e,31
05352c91,29
551e2ff3,29
5bb4d8c9,28
991fb4c4,28
a182db89,28
4eeea314,26
e55af37a,26
04b29751,26
d287c3af,25
643c9268,25
742f24cb,25
ac1d5a1f,25
7479639a,24
a329a599,24
bcb4ed39,24
85fed275,24
577a2f22,23
4e17b456,23
33f3e572,23
b49edf8f,22
c6ff6ad9,22
4b202cb8,22
554cdbc7,22
414a35a1,22
c0c9be3c,21
0bf7688d,20
31c2b43d,20
893c56d4,20
57491bd7,20
8abd9efc,20
07ceadbf,20
591ee539,19
7050e374,19
1a633dac,19
e03ac832,19
1481fa31,19
84c7102a,18
68f4bd6c,18
3c1ac79c,18
6bd31a1e,18
027eba7c,18
a29a6e0b,17
eba2f825,17
d3dde3f6,17
0abd5ccd,17
5477d178,17
51bd3fff,17
02dc5789,17
8b42ec21,16
572ac487,16
22575501,16
5a8fc6e6,16
fb286122,16
d51086a6,16
fa130481,16
b4a1ed18,16
bcb79436,16
cafe9323,16
8839c804,16
98646a0b,16
b57e6e25,15
9bb464da,15
97ae6f6b,15
0de03930,15
c8d3ec0f,15
2b156fb3,15
750d3e65,15
df3b55ef,15
511c57eb,14
56516017,14
8712676f,14
573708af,14
f5093e33,14
a8e7d00f,14
1ccb8bbc,14
77142c82,14
6eec9226,14
84b1301f,14
7269ad0b,14
3ff90d50,14
6cba5bd5,14
b2f8f4b9,13
61f3e3ba,13
5f4b1e2c,13
97c2b13f,13
15bf5212,13
9566ad21,13
0dbe2a10,13
23cf2467,13
1ee86878,13
0eef223c,13
869fda76,13
affe3399,13
309073d7,12
fca27e70,12
603cdc44,12
9b3f8e77,12
6723dff2,12
98133618,12
16466d5d,12
b5e9c861,12
34887107,12
34afc456,12
dcfeade5,12
742d6ad1,12
f9c8d929,12
47e2d9cb,12
113603d2,12
0163b0af,12
fb6007c8,12
d6e1d041,11
4dc739b4,11
45fcddf9,11
abccfcb4,11
963583c6,11
fc3f3604,11
a17833b5,11
bdb4ea17,11
be24d2a4,11
68acb13c,11
dc1524f5,11
59a17cdd,11
eb6529eb,11
7927fc78,10
8086d7b4,10
16757dd8,10
62d686a7,10
5d2e56fc,10
8c0a7b38,10
55449e26,10
a5a0422c,10
65aa302d,10
61315ca6,10
20d9e5d6,10
a1a9c0b2,10
31a50dad,10
082ed405,10
400f13ab,10
905f0921,10
5e0744dd,10
ae8e1283,10
a96da3a8,10
419d2de2,10
06169a53,10
f395fddc,10
b246e9e3,10
8c2be0cf,10
fef1857c,10
ba69e593,10
98240302,10
08bb963e,10
b910cb0b,10
207a31e0,9
b81ecf03,9
1ee3ab38,9
90efc6b1,9
c332e928,9
a132d201,9
f9df684f,9
32008882,9
37c1b33e,9
1fcc7ec4,9
a0e5df81,9
499c4e3b,9
1a57a264,9
1ddae67f,9
cbb37c08,9
6c4dd20c,9
ed348640,9
3aaa7b11,9
38111a7b,9
a8a0f146,9
97cc23a0,9
8770079e,9
27ccd0ea,9
11906b66,9
bb41bc85,9
fb60d74a,9
991f8f65,9
372427cf,9
b5484dc7,9
6a8245c6,9
996cd4d1,9
21d587e2,8
fe1cd60f,8
f4dae4f8,8
37984457,8
21cd1fd7,8
b0007d80,8
37ddaaf5,8
7531e821,8
bfefcf64,8
3f79358c,8
17a8aa7d,8
a13a3414,8
043fabd9,8
61286f73,8
3de9c6f2,8
ab1f48de,8
d3ae3a31,8
5e047232,8
ec9901cd,8
f3d92e3a,8
440fb290,8
f4f4f94d,8
7b3f6cb4,8
b98689f2,8
f98917a3,8
5ebcb2fe,8
f0d2f114,8
d36d53d6,8
6cccc6e8,8
18de135e,8
de501975,8
d5ae4be1,8
ba406348,8
2b44ec41,8
f3b5ae39,8
05c6d4c0,8
dfaa2053,8
22d20f86,8
60455046,8
cdedfb9f,8
1a4e42b3,8
ff276549,8
9182fa1e,8
7249d730,8
5d602f8b,8
110b7774,8
c89347b8,8
b343157b,8
d7caf9dc,8
0a40d996,8
c0bea4b4,7
dd4c4900,7
13441b30,7
1f31bce7,7
6c87dd79,7
ce23a5ca,7
48286654,7
f67a9d6d,7
037604be,7
9e72c95c,7
4eeb7982,7
b1993965,7
79126a11,7
9a8006e9,7
45344511,7
c56e0572,7
fcea6813,7
11377ac6,7
e8b38cf7,7
aa67bf48,7
dd817f9a,7
b46d75ce,7
a8d43bd5,7
3ae66e71,7
2600d9cc,7
aaea988e,7
26b4190d,7
16a0c2da,7
19fe1cf4,7
c7028f67,7
7d7210dc,7
576d075e,7
56f384b3,7
f16dc050,7
adad142d,7
07b32be1,7
5f292c96,7
d939fc01,7
637645a8,7
22a4acc8,7
acbc507d,7
3a9aa313,7
2c9f74e8,7
81af9cb5,7
922318d5,7
3280f88f,7
fc9227ce,7
8330e34b,7
d34736b3,7
439d2a64,7
d47abd6c,7
751c58c9,7
09f5836d,7
2fa32b58,7
19f47d79,6
e69b8c06,6
2d663ac5,6
67fc9377,6
8ed91be5,6
b32c2361,6
b69172b7,6
0a3a360f,6
ea94d524,6
6bb50540,6
79bc0b69,6
9089e8cb,6
51846839,6
76941569,6
2576a94a,6
09cb15de,6
9c5686bb,6
b33671a2,6
a537a184,6
7694aba4,6
49ec6b26,6
d490cdb3,6
efd477b8,6
4d7481f0,6
cccca8b2,6
a6918e38,6
0f14ada7,6
0e3fa5b2,6
76442ae9,6
33c3148a,6
74e4db96,6
c8fdc60d,6
ba66eeee,6
67c060ec,6
c6697120,6
4629ce95,6
104ea74f,6
7f7d5ef9,6
3a5f3232,6
b4ea9066,6
f3244f19,6
0396fafc,6
30e1a75e,6
2c897a92,6
9417a18c,6
9c38ab71,6
8748fee9,6
1f64ba94,6
b7054214,6
88b287ca,6
b4508e5b,6
3d06b121,6
635e37c1,6
cfaea129,6
8f37ad4e,6
f37ce8e2,6
dc347ab1,6
7fb380cd,6
83b68e03,6
aa57cc11,6
7ef47282,6
02496368,6
3542d2b4,6
7edaa0ec,6
824686b0,6
3d7d5c2c,6
adf31190,6
5cae87f7,6
7090e860,6
4b169f20,6
c5463ead,6
2e614ca2,6
c07587b1,6
bf1b7845,6
55bd779d,6
4c879d36,6
78314e12,6
6a26be1d,6
91dd3afc,6
f2ff3578,6
c44a546f,6
62dacd92,6
76b24fd0,6
f7359f80,6
8cba6cee,6
75e1b113,6
98fa3ed0,6
7dc6d826,6
af35b212,6
fac8771d,5
629b866d,5
dd916974,5
e4444885,5
1405739c,5
72f45b92,5
e1438eef,5
d76d932c,5
80703b2c,5
6df0a170,5
5c082c64,5
8f57642b,5
d4488e47,5
8aa49da4,5
7fa2a02f,5
276d245a,5
c03f358e,5
9723bd7c,5
3e637b67,5
4b4aea80,5
533084c4,5
94446a22,5
3b72b7cb,5
a2caf376,5
34313cd0,5
788c0b99,5
18ac5640,5
e4e90975,5
2c25498e,5
90260e52,5
8a2bfa00,5
2f83319e,5
52398fc3,5
0b8f33d1,5
9e4bde5c,5
8706ded4,5
ec0e1954,5
434e9e27,5
8397c3b8,5
23e760c6,5
9cf42dc5,5
9eed7ffc,5
56e68c9e,5
ee357ebd,5
6c1febbb,5
5912b157,5
bb5ca1c1,5
1ecc52e8,5
06a55313,5
f515a2b4,5
07bb1305,5
a949c588,5
984a7d43,5
2a7c477a,5
f2c7116a,5
8779ba69,5
1ea85026,5
68263749,5
9d1959b1,5
b5bd791a,5
abe91d88,5
44317cdb,5
c4bb15a7,5
0389f771,5
b4c16916,5
a0b33e2d,5
e7c0ca51,5
901b77c8,5
e8dc46a6,5
610513d8,5
ffbceaa3,5
b60294d7,5
852f7b06,5
f8bf8548,5
c11de8b9,5
025d1b2d,5
86b6259c,5
18a8e6d7,5
3022d946,5
027383f6,5
dcf811ba,5
23a6c659,5
47b2390e,5
f4a2777b,5
6f05a768,5
02894bc1,5
842a6c56,5
5be765ef,5
9449c2d2,5
d0c192fc,5
bb25719a,5
1b26514c,5
c1cba86a,5
d38063ad,5
c306bb78,5
5bcb6a7e,5
fbcc0fd9,5
a29a8bef,5
6076347c,5
adc53d56,5
5b869240,5
7e013936,5
80ad0d18,5
87da8406,5
fbf03e20,5
e76b260c,5
b5c65c62,5
3eeaf755,5
dd036fb3,5
08e0e2fc,5
9c449f87,5
a582e3fb,5
4583b739,5
375e64d0,5
d491a13c,5
549d5317,5
0864a95c,5
b7afce7f,5
dfe7c7c1,5
36a00745,5
1c12c2dd,5
5eb4500a,5
29d6e259,5
685598e7,5
7d60e369,5
bc85a11c,5
db9d6805,5
291869c0,5
e113982b,5
39ae9e82,5
19ee32ce,5
482dcb7d,5
0d65d86a,4
54a8ab09,4
29f87342,4
87aab9fa,4
98b48ff7,4
1d223d4a,4
e48f707a,4
ccc1ef2b,4
da106867,4
97b92ba2,4
f14eca79,4
914e3c84,4
e5ed67f9,4
8f1d10c4,4
05111ec9,4
b08653d8,4
4f45cdcd,4
f843b781,4
8ec49a27,4
ec8b1b17,4
3bea924f,4
501157be,4
b13959b1,4
1b06eb75,4
a8f250f7,4
3bf3ebde,4
77904ac5,4
4b25e884,4
146a4cb8,4
b92af3e7,4
5d3e3afe,4
428df524,4
f7e7613b,4
e765086a,4
7515fed0,4
292539a5,4
550a061e,4
1ad41db3,4
611e3d52,4
affb0d5c,4
582342bc,4
94a4222e,4
299e435a,4
64aba01f,4
08e23d93,4
349b5f0c,4
442eec89,4
5361e497,4
3971e4be,4
4147cef1,4
cb2fd9d5,4
0dcc4912,4
132d47e2,4
699896ea,4
edebe92b,4
0f5a5b35,4
d73a4ff1,4
4bbce1fe,4
18382fdb,4
8bd6eefb,4
25688cbb,4
adce718a,4
dc1f7504,4
0c5fa1c1,4
285d3aa2,4
90bb9ce6,4
112ff202,4
1841eef0,4
e062a8c9,4
473d2eec,4
c800b532,4
fa99e5e2,4
a5330405,4
9cfff6f6,4
49a87c71,4
42fa2962,4
e3a52d8b,4
ce8f4484,4
809f8f33,4
d852d58a,4
61905401,4
5067715e,4
aea8f5dd,4
06b6e7f8,4
74871553,4
0bc06fb4,4
703f0fcd,4
bb86a79f,4
485fe1e6,4
2eaf4b9c,4
8460bd1d,4
bac8c628,4
8c7c3b16,4
e2b7cad2,4
719ce835,4
ef292d37,4
be1d0440,4
d3d3b6cb,4
7fcca3c8,4
df8e0473,4
58bdcd5a,4
c1eba176,4
38c8a647,4
bfc8df46,4
8c89ae55,4
47bcb6e2,4
480d5218,4
577a439f,4
731cbc5d,4
d0405102,4
b2bcca0a,4
4566ffd6,4
e882257a,4
d7512505,4
352072b7,4
ef5f0847,4
2b24d81d,4
f703335d,4
28d3261a,4
875aa96f,4
de38b815,4
0d27c426,4
7d112296,4
7cc8b5ae,4
1e3996c2,4
4bf9a935,4
7a56c76d,4
26bb8220,4
4f222e2b,4
43406264,4
3d881ccc,4
37a75cb3,4
3a2567b8,4
ca2885fe,4
e92b93f6,4
76e68495,4
6b3a8481,4
9e8afc66,4
ac658389,4
4eb4a4e1,4
64a87341,4
549783b2,4
31b698e2,4
d49eedb4,4
ae504162,4
20311412,4
8b9f9cfb,4
6edb7e2c,4
cb5c21e4,4
64dedae0,4
9fdd6dba,4
6a4c2857,4
620af3e1,4
572413a8,4
1c3685d0,4
ead735c7,4
2d36f72f,4
46bf5f75,4
ed14a525,4
e04f57bd,4
05a51e38,4
9fb4a74a,4
c384831e,4
a9037ba7,4
fdb2c220,4
0845d61a,4
4a25aa44,4
cf5d5f79,4
477de738,4
ecbc7240,4
b34e0849,4
5e318435,4
4e57e41f,4
938d6b29,4
3429a96c,4
a762bb7e,4
08e8f75c,4
c2944cdd,4
d9ec2f8b,4
63091dfd,4
4b416fa6,4
9752f360,4
2f6c6d65,4
3603a0cf,4
b8c8a030,4
82d47f1f,4
b9eae7b8,4
b34619f1,4
f3f443fd,4
e08567f3,4
054fe863,4
99610872,4
2ac3c4b8,4
6983969f,4
c2f2fb89,4
b1e590ea,4
201d1a60,4
e5303993,4
c4fe23ea,4
a67f50c5,4
53152e0d,4
ab80a7a2,4
93221adc,4
2dd27fd2,4
b6a748c9,4
072d77a9,4
a6808db5,4
a220474f,4
0a8ed0aa,4
a17ecd48,4
d7c09c3b,4
0deb31e8,4
7a4a9ee5,4
839107cf,4
4b820604,4
0eff643a,4
268c530a,4
c84f02d2,4
2ca42e6e,4
3a17a2f7,4
6478335b,4
e0df734c,4
382fe7e9,4
79d3e717,4
edc40263,4
0bc84d0f,4
dcc0b2d6,4
b370c1e9,4
43bfd321,4
d2023c4c,4
aba5c5c2,4
f7140d45,4
12181d22,4
df159e40,4
66ff8e7c,4
c87eac10,4
1b849dda,4
677dc47b,4
8e0612b3,4
45f37831,4
78a1b0f4,4
5f4662a1,4
f5e45666,4
d010a780,4
10d693c8,4
2ef425cd,4
09db6f30,4
9d0475d4,4
727390fc,4
845565fe,4
d6ca822d,4
933aa9ed,4
edb1bcf0,4
c517720a,4
c89c5c55,4
c129460b,4
0d1d3d64,4
b55bf460,4
8f29c0b2,4
04e576b4,4
2d04eae2,4
a14a76cd,4
e3b4bbb0,4
ca53c2a7,4
a101a4c9,4
81b9ba3e,4
59da9ab9,4
77c6f0b2,4
35b6dcd4,4
03c32735,4
1ec3bcd7,4
61a9dc96,4
867fd44c,4
3afc873a,4
989edc95,4
9fd9dc50,4
d6f23441,4
d2436639,4
7f0d8ecc,4
5aacb7ea,4
329f55f7,3
8afafff4,3
e6d44a98,3
388ca072,3
6fbda326,3
e3750011,3
3067ca63,3
6542fec3,3
3f1fc7ba,3
cf856cc8,3
19af6f93,3
a3078027,3
64be2236,3
a533f5d4,3
e8d3196f,3
9276a0d0,3
5d19d824,3
3007b7ed,3
73868480,3
1cc8dfa5,3
5ea240df,3
af959ab8,3
9633a7a2,3
c77b4d0a,3
84b111e1,3
210a915a,3
f0f69e5f,3
b3212fdb,3
9773669f,3
881ff49b,3
286f898a,3
2c875edc,3
dad9d12a,3
51d141d1,3
49ab5f15,3
74565ed4,3
d9197cfb,3
d4b7fa59,3
ed9d3d74,3
a87c4ce3,3
4fc25611,3
092702a6,3
9613e82c,3
b936d5d6,3
75097d99,3
5cf68b9f,3
3708a578,3
82ef6acf,3
ff84221b,3
d1c8f3bf,3
671bf310,3
6adee4e1,3
31eb08d8,3
32e4eb9b,3
c546c96f,3
b31b1ac5,3
9f9d95e0,3
a8ba6f2f,3
c8e3e9ee,3
a0652aca,3
56c23be7,3
70e6b27d,3
cfb03f1f,3
339d84c4,3
7de2a955,3
deb2f571,3
86787cc1,3
193bf450,3
6ae85256,3
0550d7ef,3
38cc8891,3
f5bf9b86,3
1abbe89c,3
8325b560,3
23de5992,3
7ae0b2a4,3
b6613da1,3
3761ec4f,3
f1a0a327,3
c548a244,3
6fdd0f48,3
4c629db4,3
e5a76257,3
09e46c6b,3
d2dbc742,3
381ee9a0,3
fc8a6430,3
fdd2ec1c,3
f903b2c9,3
277872e5,3
94da5bdd,3
cf10ebdf,3
f107b914,3
4369ece9,3
5a4bd93e,3
9f04d107,3
e3ed16fd,3
fbad6499,3
40fd681e,3
9c916fe0,3
e3897bf8,3
062a25c6,3
1f30887f,3
4b400e81,3
076025c6,3
0c18c02b,3
bda7f99c,3
a9623793,3
b8a165fa,3
3af87b56,3
c9091166,3
431ed875,3
bf84ed08,3
6c8e6601,3
acd0f6b5,3
d54104b7,3
1670b645,3
bc53d98f,3
7efd8423,3
683123c1,3
76d8e33f,3
1acee065,3
3fe71e69,3
e31ea27a,3
d78b4042,3
a697339e,3
3ed961b7,3
1fbf3065,3
250808a3,3
f3c18861,3
3507b005,3
4ab0e1c0,3
e8e4e11b,3
739a4757,3
b88a925c,3
0a2be5c6,3
90a361b7,3
80ab4221,3
a919a457,3
5a6b25b4,3
2f5c05ed,3
af7e77fe,3
a727a241,3
76bf78bc,3
8d065c51,3
52b44676,3
a63e1670,3
1a3cd306,3
84e08100,3
9c5c4858,3
85560401,3
52d2c64d,3
91c71e1d,3
71561f55,3
e62413e9,3
b72b91aa,3
12b36335,3
ff6fbe0c,3
972c9fa9,3
f9de7880,3
e425124d,3
6de0f997,3
45692d13,3
dc9993cb,3
f99304d2,3
08053647,3
b06065a0,3
454d9e6a,3
c9df446e,3
8bcf4194,3
7bffa781,3
dcb46401,3
05bb066d,3
b62da905,3
3d1e527c,3
ae97e4e5,3
cb1a7e97,3
c0bae5e0,3
dbe8cd54,3
416392a2,3
ff522fed,3
9cb193f5,3
0e9e0885,3
a2f26096,3
b0ef22eb,3
7264cdb2,3
6ea7db47,3
415d66b4,3
369f9199,3
5c90fcfc,3
4f35b235,3
af421970,3
908441f0,3
93782bfa,3
afb1d227,3
2947ee14,3
bcbe2b15,3
20c5a0a4,3
c4db2319,3
2388936c,3
85d1cb78,3
db5dc6fd,3
5796871d,3
a9f7fa1e,3
2d6f518b,3
ffae3248,3
3784536b,3
5a134c11,3
6780a816,3
2b3ed7b4,3
45dedcf6,3
0457fc32,3
1aa3c1e3,3
517c2e58,3
729116c9,3
b78507d2,3
b24183bf,3
8e6f0e84,3
8ae483cf,3
41c1c533,3
c5f9524b,3
4d848dda,3
76de8d9b,3
5ccf02f1,3
56dc2a31,3
c715effa,3
270313be,3
2f72321b,3
8f9fd0e9,3
67f7a362,3
2f00b42b,3
b3575881,3
df06aa2c,3
49d3bb48,3
f1143a5d,3
17e8d915,3
b7e5044a,3
047e269f,3
7294d297,3
8439cbb4,3
4d5c56df,3
eddff9b0,3
1bd1d101,3
e46ead1f,3
21451eac,3
83241a4e,3
45dc6382,3
8f25e6fd,3
ea005a7a,3
8dea6ea4,3
eb466d0f,3
a87350fe,3
e3b6c756,3
27bd9fe9,3
25fe19d5,3
2268ee7c,3
0511f136,3
0aacd0ed,3
dbc4dd44,3
54f18c1e,3
8a4d5b99,3
79198683,3
4e18ae43,3
054d38d5,3
1cae64c8,3
0ef75f4b,3
218f11d9,3
d159d41b,3
c51ac708,3
bc4ec14b,3
16e9eff4,3
051ebe3d,3
692b63b2,3
bb8d121c,3
ebf3f3e4,3
74effe64,3
fe2fe597,3
02548776,3
f86e39ac,3
323a573e,3
4077be23,3
1e93e90e,3
6e213bf6,3
ebc76833,3
718b8ec1,3
84b7f899,3
4b7497c3,3
da8172ea,3
de576044,3
f79989d0,3
18bc4740,3
9356204f,3
c7cb29a6,3
86a16c0e,3
5cd238ef,3
610c5791,3
5207018c,3
b2ad8f9e,3
621ef9e7,3
905b6acb,3
933e41c5,3
10e7471e,3
ebfd41cf,3
7a2e41ac,3
f5214fa5,3
2e8fbe54,3
40820eb0,3
bb164730,3
152b9e88,3
719a6ef7,3
4fc59313,3
11d9cf89,3
9443bdee,3
80cd4656,3
46daf91e,3
ecd635fa,3
7add64f8,3
359ad6e0,3
56d43a18,3
087bd982,3
f9033b8a,3
340b38eb,3
5263d227,3
966b8fd3,3
2f2737f3,3
626d836d,3
811ba3f3,3
b5f05260,3
b2407d6e,3
1e1dda95,3
e932196d,3
bd959c3a,3
219acb43,3
ba8a9ddb,3
cd69ef28,3
19b92eb5,3
f02a79e6,3
51ef8466,3
53c61216,3
6fa8eb02,3
58951efe,3
2c9548bf,3
c76e0287,3
58a99c66,3
bea0bac2,3
c85575fc,3
11ac3d19,3
30f99c9b,3
bc9112c0,3
81bf2763,3
d9876d45,3
918cb4a7,3
6bbf6b06,3
68e12a28,3
af92a4b6,3
e21ab02e,3
2e2ddede,3
00edd512,3
5046a20c,3
275612cd,3
2ab63f98,3
cc3135fc,3
8ff2c061,3
546b6d8d,3
650009fc,3
3516ea30,3
1097da9b,3
f02c23be,3
0f688431,3
4495c539,3
b9047fff,3
b0e91836,3
266e6ab0,3
f0c26d8d,3
67bd8d3b,3
1a6355f5,3
bba642ec,3
317a20b4,3
4f4f0497,3
e6068595,3
ac70b6d5,3
026a976e,3
c4a33a4e,3
58245883,3
a12e453d,3
cf60da9f,3
4088f324,3
16743305,3
305bc351,3
fc38efa8,3
367a2ad1,3
1a8bfdd4,3
426d3168,3
b96a0ace,3
bc9ae351,3
3720f9cb,3
6369bb90,3
0b4df92d,3
b3265d47,3
8e199e48,3
2ce6d79d,3
1d3b7da7,3
19c852fc,3
dc6258f3,3
96266fe3,3
39f1f1d3,3
438c80be,3
c73b67e1,3
49cfdcdc,3
486172ca,3
bbae99df,3
1c67d13b,3
e2d3e451,3
d4716c19,3
a17acbe7,3
cef4842e,3
a0168931,3
12cf6adc,3
e97ce460,3
6d390030,3
9a4b8917,3
3e667103,3
074a7441,3
09cf8e79,3
ad32438c,3
a8938ecc,3
90000391,3
b8f89217,3
f412ffc9,3
b496d325,3
66101935,3
d28248d8,3
9139ad01,3
0e7f405a,3
35b8b4b4,3
3a5bb94c,3
7594920a,3
c7d2fc43,3
791c3849,3
c15ed77d,3
ab8d8a65,3
d1c0e5a1,3
0865364d,3
6aed7984,3
45f546a7,3
bbfc7602,3
509d6975,3
495d2167,3
a1a029e0,3
351ea66c,3
314637e6,3
6eeb26d3,3
d8578e49,3
8d92f150,3
63aa5998,3
8fb71b2c,3
600e02c2,3
998b4689,3
de180634,3
006feff4,3
dcb59c0f,3
74186238,3
c7801361,3
43352521,3
c36eee78,3
81a56972,3
179316c4,3
643a60bc,3
a56a6ecf,3
c322f098,3
121cbfab,3
0a522060,3
cbe5f924,3
06f33450,3
d9fcbbbf,3
008af4f3,3
da442472,3
cd92d15b,3
b8c4955e,3
135723d0,3
9f307efa,3
26c782f4,3
04576586,3
360e303a,3
9f506499,3
37118428,3
9e45857c,3
09a28274,3
14778fc0,3
b243c10f,3
d91f5ea8,3
7a6403d6,3
5e751394,3
1e1062ab,3
f5f6effa,3
7ca3b1f8,3
38b00beb,3
4d2faff3,3
eee197ea,3
74bd63c9,3
51a2ff4e,3
27d15ffa,3
b494083f,3
051c4518,3
af5b8b0e,3
fcc721d6,3
2e8517ae,3
9abd5aac,3
5de8b3f7,3
fd06df52,3
309d90e8,3
5946e490,3
c489ae94,3
fae108a9,3
e2c2a57e,3
cd0f2478,3
aa6ee270,3
3d032bdb,3
52cd306e,3
9ffb067d,3
21cde8ea,3
0763f0ce,3
31f853b0,3
d35117db,3
653159f0,3
f348da15,3
102ec570,3
dffc60be,3
850b2a62,3
b10e7eb3,3
d5c225ae,3
fdcd0c20,3
8c9a2ea1,3
06077b3c,3
7d90ba5b,3
c39c8f8c,3
56c97020,3
0e4c14bf,3
567c856d,3
3347aea2,3
ec04d994,3
5da94bfd,3
1facc55f,3
a388e71b,3
56ccc9fc,3
8b32000c,3
b3459db5,3
98dc786c,3
53cee0f6,3
ea91950d,3
c06721a1,3
048126a1,3
3ae74ce1,3
bd536ed5,3
92a8d612,3
f917db20,3
b232dbe9,3
ab6001d4,3
c99eca53,3
70b66ffc,3
47b4c63c,3
9af52eb0,3
451036fe,3
6f5a1203,3
0c54b1aa,3
61c25135,3
12ba3409,3
ed96ee30,3
73f5eb30,3
204f3589,3
d27ce801,3
235c73fd,3
7cfbff21,3
3a05c5af,3
96ae20cb,3
cb0b6777,3
47551982,3
b1bd34f1,3
869acc29,3
fca51151,3
c6d31bba,3
2460d046,3
9ee2274f,3
84c71e43,3
a2fa7ecd,3
3769d685,2
abb34cbc,2
895a59a6,2
d97106fb,2
e2cb27aa,2
fdc507f6,2
90aa9f91,2
74254ecd,2
9b6f647a,2
1025a060,2
6796c3f7,2
2ece27c4,2
31a700e6,2
7d61df75,2
a98d0bc3,2
55e7b6f2,2
95ea4dda,2
278c3b13,2
961a0dd4,2
9e7f5df5,2
34400768,2
1fba2ae7,2
3a8f1f38,2
c875ff50,2
747a29fc,2
5eb3b1bc,2
bf6f1055,2
01b73976,2
d3d209e0,2
3d0c889a,2
fbfec534,2
2cd3c194,2
64d27651,2
452a85b1,2
4a534fe1,2
188b7d4e,2
cac7ea2c,2
92fed621,2
ba051238,2
d461f8e9,2
623bb424,2
e7aa5156,2
ed3e97ab,2
127c5569,2
f1caf078,2
179d2ca6,2
a47e1f59,2
72804225,2
cf4a1ad2,2
f502a27d,2
ba4a17b5,2
842fd6b4,2
5c298851,2
acd2036e,2
c50f59df,2
1a3ae8e6,2
19c4d716,2
0f8c0d24,2
e1b66b71,2
3df87c53,2
ff4c26d3,2
ec4bcd01,2
7c2bb878,2
18f5d6b0,2
41959c0c,2
6ca71c44,2
f5182f0e,2
1888cafc,2
52031105,2
39c18952,2
9a9392d8,2
eccbd58a,2
b1a8a8b4,2
0dd2c464,2
cae940e4,2
aef43635,2
828c66f2,2
7c825295,2
c8166e0d,2
682c7495,2
f715adbc,2
6714cf94,2
4baba690,2
d8ed46e1,2
015f207b,2
794c2425,2
b292b118,2
310c3aac,2
38b42e9b,2
e7f8f139,2
37ae0bd1,2
c2ca0160,2
3385d7ae,2
febd283e,2
94bf24bb,2
6c0ceec4,2
fcb7ee60,2
6c68c6b3,2
cb7b7e70,2
790031d9,2
8797d6eb,2
10a9ae86,2
f25d2246,2
9e1cfe99,2
1f036a35,2
4cf0867e,2
c6ef4ee9,2
9a11d8d7,2
ae253d72,2
b8fcbd97,2
619850ac,2
9e768751,2
d9e6500a,2
52b47379,2
ac3ed6b8,2
f51e2997,2
08a4de8c,2
14bada76,2
f2cf57fb,2
0906ab0f,2
a8fa33b6,2
5ef8d7be,2
5872550d,2
45a82530,2
4ea98fc3,2
38fab70b,2
1a19278b,2
91b88e24,2
937dda30,2
e094467d,2
3c676857,2
b9b92220,2
800b9a5d,2
db66a1be,2
bf480a5b,2
6c517fc4,2
b13ffbcb,2
a1c12242,2
b1070f33,2
c29a415d,2
bae7d593,2
60dd0b95,2
18ff3ecb,2
a1581bda,2
9dcedf8f,2
8b6059b3,2
477f1714,2
4aaab822,2
349cebe0,2
1adf9deb,2
a1f025af,2
572d58e1,2
ecab81d3,2
dc99da2c,2
dc1a0ce5,2
3424e157,2
fcb5b739,2
0088919c,2
1a1667d8,2
e56faf74,2
f10e099c,2
14ed1583,2
6c5faeae,2
3f9942f2,2
e2eef4e9,2
eb457c7a,2
616d73a9,2
fef49ee8,2
3bb05ab4,2
6a951079,2
42edb55b,2
67e24c10,2
6bb3c0c4,2
9ed5e9b7,2
f1c40494,2
2f06db31,2
b380cbaa,2
a08976ad,2
fea6006f,2
a02b66c6,2
4dcc83aa,2
ec26e3aa,2
cdc372c0,2
6dfbffb1,2
43a1dfc3,2
44ced815,2
6630d161,2
3b77ea46,2
5110fcd7,2
da5edd3b,2
8dc7be99,2
be31a524,2
d03a751d,2
92c5de9e,2
543b1e55,2
7a667d87,2
373bf021,2
04010075,2
f3a68695,2
71f428e8,2
1b42de2b,2
6eb6f2f6,2
097d4c2c,2
817a9baf,2
0fd70d6c,2
fa890e40,2
5f25e81e,2
983dd647,2
b08e304f,2
ec22c50a,2
2f742999,2
4a6e297f,2
02f26c2d,2
35fb1286,2
d7f80f8e,2
6fa744ff,2
eab8ba4a,2
2dfce6b2,2
e64fd973,2
b5d7075b,2
0657aaba,2
b78f247b,2
3d88cf87,2
20ca5113,2
7ab0b5d1,2
7a615245,2
e40944b7,2
5a0cc072,2
3af660b6,2
7a414a23,2
b87ca67e,2
b53d4cf1,2
e3ef647a,2
eb43009b,2
fe2787d1,2
8d856409,2
c117f7fa,2
fd90be1f,2
472763cf,2
dc4302f2,2
0002ae63,2
f53fb41a,2
08552055,2
8e6a2d76,2
d2fd84f8,2
f20c9571,2
4181fef2,2
c3cffd3b,2
1e6ed872,2
4a149bce,2
f37ff609,2
285ca5ad,2
5edfbc3c,2
b631a02f,2
0ccff350,2
5c8fc4a6,2
873dbf7c,2
a88eca8a,2
011c3246,2
4cc64e53,2
e25a99a5,2
dafb485b,2
f498d177,2
de7ba2e8,2
3ce34d55,2
ef358719,2
bde819de,2
7561cdac,2
f983b37b,2
ad744be4,2
3fa97946,2
0586b3b9,2
8480ee20,2
d1c07e32,2
e7447927,2
440bcde0,2
27782942,2
6e80b10a,2
9af8049b,2
a993c81f,2
23aa68fb,2
250f4d86,2
34bc6a73,2
7f61f7a3,2
c04446a3,2
959b67a6,2
693b173a,2
afcc2d06,2
e1a08841,2
f01c51af,2
17be288b,2
dc8f74ca,2
3dc3f21b,2
caf62752,2
ab26bc6f,2
8b223e99,2
c5e73974,2
a90bc6b8,2
b9470f9c,2
65f8f035,2
0e063fe7,2
fbf59f33,2
d8123a66,2
28d61a92,2
ef7c15ae,2
34c096ab,2
6a8bf535,2
a6619c8f,2
d4f4a267,2
13bb31cc,2
f26af289,2
0cac8a25,2
0f06ad57,2
49f86625,2
90400a85,2
66dd8781,2
6edb4d86,2
c71a66e7,2
35c1889f,2
534765a3,2
874d92a6,2
79b5d39c,2
6c9986a3,2
7abcb0d9,2
e9267f9b,2
f9037a23,2
3b614d9b,2
a8dc2cea,2
2b940ddf,2
be8acf45,2
41c44bc7,2
665d58cf,2
8d0bea41,2
04d6df54,2
db6c9eec,2
1d5f0d30,2
a57351e2,2
c26a5b50,2
270549f6,2
ca94a7ed,2
1a153650,2
11d71b98,2
405582c6,2
a53ebc3e,2
4d59d152,2
a19b66be,2
bf594bd0,2
cb586132,2
919c9896,2
0822106b,2
fa77ddec,2
9d513b91,2
f4215599,2
7e840cf7,2
d592c8ab,2
460c13d5,2
5f7fea25,2
0a17d05c,2
3bbb21fa,2
81391606,2
4a19925b,2
aa8107a9,2
b957393e,2
a7010996,2
c3192df5,2
7f49698c,2
b214a50b,2
de8f46e2,2
e832edee,2
b86941e9,2
f607c949,2
ffcc8657,2
e828e02b,2
3caa841c,2
221d68c3,2
7b7c7f48,2
3b39783e,2
4330a892,2
bc9ba527,2
3af605b6,2
091e068d,2
d617f17b,2
ec2ad443,2
909223e9,2
2f7ee3cb,2
ce6d427f,2
7f671760,2
c480ab06,2
061cd6f9,2
44c67e0e,2
54a92a99,2
9cc03a16,2
a9fa8f74,2
b8bb9260,2
89e1944f,2
14b66d36,2
663e5257,2
23005fd4,2
aba4e695,2
c0cfec04,2
1df5d996,2
8f59730b,2
4e2b03f0,2
8ab26879,2
1b18ae3b,2
29a65135,2
876c0579,2
ebd9f6f9,2
b42ddc55,2
8ab02b7d,2
50f6dc48,2
9e612c9e,2
2ba4eeb5,2
b5a7acb3,2
0c299f7f,2
f46851f8,2
3b0f116f,2
00e47845,2
d1ee4e70,2
a16561af,2
ddd41fe3,2
6fff215c,2
5cb6de80,2
a53ff0a9,2
9a37d980,2
4b741909,2
ecc3f2aa,2
70fc2db7,2
28b32256,2
8a4cf263,2
a7065137,2
5635094b,2
7027d051,2
1ccf8f62,2
767063f8,2
1a580d7b,2
4760082e,2
16bb201f,2
88f81884,2
994616cb,2
3f180275,2
b9b63cc6,2
b9a9394c,2
0ff13c48,2
94e6a256,2
af56a6e0,2
66016639,2
0388d60c,2
cad83645,2
9b29eb15,2
1db1ad12,2
d52fa460,2
213e73a0,2
f8db2743,2
b6cb7a9a,2
25c037ae,2
1f426a45,2
3d737243,2
d12fddfb,2
71080e11,2
15f6b843,2
7ae89f2c,2
95c25992,2
b6084006,2
65332ff3,2
a3cab6ae,2
b898702c,2
a2dfcbfe,2
4ca2f3b1,2
539ddb06,2
735f87c5,2
7eabfe68,2
6c6793f0,2
3c613722,2
182a1e99,2
112335c3,2
c092c8ea,2
a3a10c51,2
50325823,2
f586a4ce,2
0f0ec7ea,2
97b8009f,2
dc9ae517,2
574fbc85,2
a5c09b9b,2
70bd29ad,2
23c2291c,2
20794a8c,2
c7ac9fd1,2
255cd9fd,2
72c462b7,2
8ee11cb4,2
60411b9b,2
99613aaf,2
24ce9385,2
01879632,2
c7d21842,2
bcd83296,2
69d94132,2
01e191df,2
fa189b31,2
dc3efcab,2
860ebcdd,2
22c331a4,2
0714846c,2
8710cff6,2
c1bce246,2
506f1e68,2
90764e02,2
a70bd6c5,2
1765b885,2
c827aa15,2
41a42e29,2
65762192,2
58919d50,2
f6c91b56,2
8c3af771,2
eb8a9d37,2
6d3c5bab,2
90fd1817,2
6d06d8c0,2
d07ae094,2
4672c129,2
0727e819,2
243ad8c5,2
a81a69cb,2
275d23c5,2
f1e93f1d,2
3db57e4a,2
754635df,2
cd7424e0,2
f03893c3,2
dc9404c6,2
d40eb26d,2
e9a14453,2
1b18327c,2
3ed79de3,2
5d1a94b2,2
847b613c,2
7e7c3009,2
bea3d7db,2
ba8246cf,2
99f27074,2
f9eeec44,2
adbb7144,2
0274db5a,2
9e496202,2
418729aa,2
3311961f,2
b47fbf39,2
df0581e1,2
b51cfe6a,2
1a7ae166,2
c2cd5c58,2
2f25908e,2
40618787,2
6d6141b7,2
0f37b2e4,2
0919b430,2
aa2ea6d1,2
7a783fe1,2
b38c8875,2
896c99fc,2
2fa1419a,2
13705bcb,2
8adfcdc6,2
7b32863b,2
574ab488,2
53bff2ef,2
e441c5e3,2
a8de4c31,2
826d8fb2,2
c1b8f5df,2
daac2121,2
61dfda46,2
60a25592,2
07cab76f,2
c9482ec1,2
3badb1c9,2
5660cc5b,2
7f0846a0,2
52aae8b5,2
d22cb5cc,2
2cb42c9e,2
e4a41f76,2
3d0420d1,2
0d439f54,2
1db7064d,2
d1d3f96c,2
0fb6367e,2
b9ec58c6,2
df961e77,2
916a757a,2
d6aa229e,2
0843d7bd,2
4322590a,2
2935733e,2
ecd9483d,2
f7a66d1c,2
e966ea61,2
c1b1538b,2
4e59b8fd,2
d6c4cc7f,2
6f6983a1,2
ff9deaa7,2
58fd3af4,2
d2ab2965,2
87737748,2
121773e6,2
688af1bd,2
9b3b11ad,2
cae726a2,2
9b97a256,2
80ef5c8a,2
c3ff3997,2
b80d92f0,2
2570470d,2
4b10268d,2
4912df35,2
04394b8a,2
06778638,2
1ce087fc,2
d2bca4f9,2
6966be61,2
07305a22,2
ef13e0f7,2
bfafc716,2
a7dc7993,2
9299c180,2
cb1b9562,2
9a9fb591,2
2116dced,2
8c880dbb,2
f8d6ad4f,2
0bf4c04e,2
04e111e8,2
87043d50,2
3e40c5ca,2
e6582eeb,2
506c10e8,2
4c75d454,2
920cfdea,2
be158aa8,2
b14af8ee,2
a9f6318b,2
53a8b752,2
8bdffc5e,2
7b459301,2
ce1931d7,2
ef2aa03f,2
26fa9a21,2
91e59c0f,2
5146f627,2
f11e2afd,2
9ea83046,2
da74ca71,2
6c03c2a7,2
2b3fbc81,2
d8fae2d3,2
f55e90e9,2
f6425b77,2
826536d6,2
5008e77c,2
146667bc,2
68bb6864,2
9b8acfb0,2
74e0d5d1,2
e20a7836,2
f7e83ba1,2
37b162d8,2
7831650c,2
e5f39ed9,2
1d17532a,2
c6f735f5,2
b8515957,2
8558068b,2
1b25ddf6,2
b893aded,2
b93eb161,2
a9d956f7,2
2c8fbb0c,2
a906bf1d,2
a5cf19b4,2
cb1fd8f1,2
dd205270,2
6aefe556,2
0493b76e,2
a044dc02,2
89de7df3,2
1000fa40,2
b1cd06b3,2
9045f2b3,2
738826f3,2
91063de6,2
6f4c0d00,2
b7fad423,2
00a75707,2
43306a33,2
edc3e1df,2
bc3ea8f0,2
3a23ba4b,2
43174f45,2
c1fb98d3,2
14588473,2
f224a101,2
a6872bc0,2
e90dc5e5,2
fc90e92b,2
55f46002,2
09002c3b,2
a6e7580a,2
9e74ee07,2
6c64d3ee,2
615eab87,2
ad74024f,2
5f62f5c6,2
575caf47,2
75c08216,2
18e607dd,2
7c195545,2
4953f313,2
a92dd5f8,2
dfa01dac,2
157101fa,2
dcbea3e0,2
ab7b7b54,2
7d20aac1,2
fe114685,2
708d031f,2
d9e16796,2
67862450,2
e369c426,2
3a930d8b,2
5751b37b,2
5da6ee93,2
228a4182,2
2c60275e,2
a6a51d1f,2
7d749cff,2
7bc9310d,2
315a9785,2
5b28f196,2
cb70fe7f,2
3d2a03c9,2
0ee31b6a,2
f8f0e673,2
e5cd0f79,2
69e66e36,2
7adbb088,2
23aeea88,2
593bcce2,2
c65ffa04,2
40af9bc2,2
a2ffb721,2
cd8e7e97,2
b33752db,2
d5c213d6,2
57fdec77,2
be821218,2
355ba612,2
6c87a400,2
10180f75,2
d46af6d2,2
6414a7f2,2
3e3235fb,2
61335b3e,2
312b04d2,2
4bbdf3be,2
a5c0a573,2
7fe1fe8b,2
7aef6741,2
3d741b58,2
f0bfab6b,2
9a6c2184,2
71288f19,2
b7075fce,2
f81aae47,2
407e1ab1,2
1f725c9a,2
d7876bf7,2
0677ca0b,2
efadc93e,2
e9f01dc2,2
bc2a3859,2
84e42fe3,2
03e3e55a,2
5e55937d,2
b54a99a6,2
94d18301,2
f757a9b1,2
ffc952b7,2
695e5bfe,2
d8c02cb3,2
237b82b4,2
2b701622,2
ff6765da,2
285367c3,2
d42ef078,2
8292a148,2
8ea3450e,2
0e53ed97,2
43e6292c,2
7dd91e4a,2
87b5a0a8,2
1ff77300,2
7717691f,2
88e32464,2
530a5a4b,2
6d57331a,2
350e1e7f,2
a8247e81,2
200185f1,2
a742a2ef,2
98463d09,2
71f84644,2
92d4afd6,2
63bef07e,2
c0a58a6e,2
a68cf564,2
ec0a9f7f,2
96b3e7ae,2
b3ce8cea,2
406e6b27,2
a6fa0b81,2
ba3d1c60,2
528c09fe,2
ba84467e,2
a3c01c22,2
7e8de2a1,2
981dae51,2
44dfed59,2
9c7c011c,2
5b629881,2
8692ec43,2
a842dd44,2
50a92f1f,2
5aa6b9db,2
15003940,2
3afa32d5,2
00dfd4d3,2
bd9e34d1,2
dc96518c,2
d3b109a0,2
4751547e,2
79fd8a0d,2
193f3f7d,2
c6e1a855,2
8a1472c7,2
089638e0,2
aa080f6c,2
4340327f,2
1d12a6a9,2
e1493fae,2
2d8dc964,2
02e5c5dd,2
34ad94dd,2
88976827,2
f6618dcf,2
715c5569,2
0230c283,2
0f8f2990,2
46a86cd0,2
1e9367bd,2
084624d2,2
30a1390e,2
11810743,2
44f34b39,2
f5212ac6,2
8940a864,2
a9255584,2
1fe0903e,2
8d0ee448,2
887cf7d2,2
d99489f4,2
b4c4d0ca,2
3545933a,2
77357e73,2
ab92ffd4,2
9eebf134,2
5a0a5986,2
da6605a0,2
3674a6b9,2
80da6844,2
f5dddc1f,2
0a2e86ab,2
0a829b30,2
5261d65b,2
13156bd4,2
129002c2,2
f256a1a4,2
4a4c4b34,2
a7bc1c2f,2
7f642370,2
107461b0,2
24c6d3c8,2
c3b427ad,2
556eaf60,2
81a1beff,2
921b5271,2
974dfb68,2
a52e3d95,2
54f749b7,2
e250ee5b,2
a7fc82a8,2
9401d5d8,2
1144216b,2
8b11d967,2
c7f2e869,2
bbc9c093,2
8fa32ce3,2
e59b397c,2
7afa30c5,2
33fbb781,2
13a482aa,2
eb228898,2
7a43d571,2
6db59c0e,2
20925900,2
0893875d,2
9dc7cb25,2
fb490a68,2
c0a6ca4b,2
5488aab5,2
df99d595,2
a2197e49,2
2adb7f6e,2
750ba5e4,2
2127ed86,2
5fd11e8e,2
e5b3944b,2
7a928279,2
313f38f7,2
a2c464c9,2
88c02aba,2
8828bbf3,2
a7f525b5,2
4603568c,2
56cdece5,2
6760ba76,2
0e6f0407,2
8eed0201,2
07394286,2
6e206ee0,2
eb1ce8ee,2
6185c2df,2
a3b6a3c5,2
a5188e0f,2
fdf2682d,2
2d8544f3,2
953ac8b8,2
d17def65,2
5f378adf,2
cf5eb849,2
66aa2ebc,2
5a9b1b16,2
106b0836,2
46dc1002,2
a927d1a4,2
1a60ff62,2
c143f589,2
4b45c184,2
653b121b,2
97f21400,2
92a8e65e,2
d892c77b,2
87c408aa,2
8eea3b78,2
fda7fa2b,2
13d45173,2
7d988913,2
90181563,2
f4b468fd,2
273236d7,2
e5017b9f,2
07848049,2
c54a6c9f,2
87c46b41,2
d6e00b9f,2
14ba73da,2
c210a3ad,2
2e097c30,2
24ae9e12,2
665310c4,2
9baa5ae9,2
7b2c002b,2
37a157de,2
48529ae1,2
8e428c12,2
0b75c65a,2
3a571377,2
c9d286d5,2
fd732e97,2
16ab84c8,2
c07ad0c7,2
93a021a1,2
00604e5d,2
84ca8730,2
0abb3a22,2
5ac35361,2
1abf39b4,2
7fb1fba4,2
29b463d6,2
d9245b44,2
2eb69758,2
9bc92161,2
360b25bd,2
bc9732be,2
d200b8e6,2
d2383273,2
b9e0c76c,2
7c4aa801,2
486426ff,2
0fee67b1,2
a5fc5e48,2
b07064ba,2
906254f2,2
a1d8b5f9,2
3cf2aabc,2
bbe0a6b9,2
cc415898,2
9fef8c27,2
8e5fafab,2
c119758c,2
f49c9d91,2
02ec87ef,2
6413c1f6,2
4d1f7ac2,2
d81d2ec5,2
87573d72,2
7ea5f622,2
3cd56c69,2
9cb87c16,2
13fe9ed7,2
f25d003b,2
ae69bb0f,2
d6b2d242,2
0d932baf,2
a47b3358,2
6794651e,2
c197f2a1,2
bbc7c527,2
aeda8fc2,2
4d2c1351,2
5aabff1e,2
34a4403b,2
8bbf0587,2
a0697407,2
aea852b0,2
15398d56,2
73ff4867,2
4ab4cfbe,2
17ac14cd,2
cc81682e,2
af38cc1b,2
97dea655,2
6965ace2,2
9aa91c54,2
f37c410f,2
82aa29aa,2
a3a35593,2
c3a3a590,2
63731952,2
ec42e039,2
a856222c,2
777fbe6a,2
5d0c8b17,2
e314a372,2
1ee01750,2
af73b78c,2
e0623829,2
66d21d92,2
69449ef8,2
a37cfb83,2
581ad3fa,2
0bae6f3d,2
ac02112e,2
53173187,2
baa56759,2
a896eb8b,2
5b16d718,2
07e366f6,2
243ad94a,2
3b4ed99e,2
3e3db098,2
8894c73d,2
da64c6f0,2
c8799be3,2
593157df,2
e219d26a,2
26367a66,2
f0db406c,2
fb0b3437,2
51dc9198,2
c041caf5,2
273dd49b,2
83ef6fe9,2
ff953828,2
7a31ca23,2
06208900,2
9cac4948,2
a0ca2683,2
24253c93,2
51b1edda,2
e419e071,2
48a20d98,2
ff64f27c,2
94b8db8a,2
28361c82,2
47d83555,2
bb96f55e,2
a5bc3aea,2
706377c9,2
fd1d9db8,2
a36b2225,2
29092c6c,2
8b60dd68,2
6e729398,2
86899e8c,2
f5009bf0,2
22f62a8f,2
28b00d94,2
39241c2a,2
4af2a030,2
84b9b48c,2
7be445ac,2
7b5eb329,2
64dcbd9f,2
164e093a,2
63fe7e6d,2
651bb03d,2
7afe5e86,2
4c133cce,2
029a1691,2
4d924873,2
8fc53390,2
63f3a1c3,2
1a0654a2,2
104e3880,2
f21e71e0,2
4847905d,2
09f20139,2
9e5f627a,2
9d30c938,2
bb86c9ef,2
de231c38,2
f1830d37,2
fdef440f,2
0713dc20,2
fac0773c,2
97a1a98d,2
a1d5c710,2
c2c62e5f,2
97766375,2
38014bf3,2
9e1275b3,2
f4cd5c84,2
31c79d57,2
3f81be73,2
6c61b8dc,2
154e131f,2
8f0408dd,2
9e04e364,2
46dc51a2,2
69f86cbc,2
077a97c7,2
acb0b52b,2
3a3812c7,2
3f4783a5,2
29e71f3f,2
bc838180,2
4ab1fa48,2
11aadc83,2
7e692b9d,2
db2b8737,2
5b6df76d,2
b4b4b1d7,2
9c3da1e0,2
309b7a8c,2
6e880b8d,2
404042a4,2
1264f530,2
6e57e61c,2
42e7ea1b,2
2cf8a826,2
4f0f9a65,2
0200bf75,2
08325b4d,2
a7327fb2,2
131c473b,2
887b26c3,2
d04ccc6a,2
f4062406,2
a7da4ea3,2
f907fe69,2
d10f5069,2
55590600,2
20cc5a2b,2
057cb555,2
808ee7f5,2
92fbd0c8,2
ee4974c2,2
7b51858d,2
3baefa3c,2
32443b2d,2
d3fbfb02,2
5af19b81,2
abe816d7,2
8684e9cc,2
a94496c5,2
827facca,2
a3b7e1c3,2
a9ab10c7,2
399233d2,2
563ceef3,2
2b029254,2
d21341ae,2
eb889112,2
61223efa,2
ce7753e0,2
ea7039c4,2
9ccd48c9,2
80a41522,2
827c3190,2
b750d915,2
46cf2542,2
b4ba36d3,2
51a8a7de,2
acd170e6,2
98dd6966,2
11077445,2
8f117969,2
f62becf7,2
f5a0b191,2
0689a7a5,2
d8cecf48,2
4edebbf8,2
5d4cee39,2
312af76f,2
582a1a06,2
774edd86,2
871f7841,2
2407133f,2
06a62d60,2
5827765b,2
26d6d7c9,2
66dee20e,2
588fac15,2
983ff8a5,2
e2d940ac,2
60af5006,2
b1e1f4a1,2
780f92f7,2
c8be491d,2
632fa1ce,2
43050a15,2
f942e2c1,2
208a95fb,2
f43f3e10,2
f32f6c16,2
e672ff8d,2
9be595d6,2
51e28692,2
a0c8304e,2
24235208,2
ddc336fb,2
1fd6f2be,2
fe8fc040,2
47a6a2f9,2
6c3a3e5e,2
16070190,2
c98c476d,2
3a7645a3,2
fbbff3f7,2
9a4e8042,2
b421597f,2
1807fe87,2
4ffdf2c7,2
6a40d102,2
4058b7d7,2
5924eb4d,2
02790a77,2
031ac096,2
0678f6cd,2
2db80f64,2
8abc37ea,2
4a6fbde9,2
eef77864,2
35d59172,2
17831f44,2
6c3bb693,2
5beb8142,2
0be3e3dd,2
1f8403dc,2
6ab8646b,2
002297c5,2
1936ca51,2
ba05fe36,2
2f5845d8,2
e4126806,2
5c062de1,2
ecf7130e,2
e8c0f680,2
8cf009dc,2
0e25edc1,2
283a5a98,2
5621a9d0,2
2382356e,2
049ca30f,2
6212fc2c,2
0650b8f0,2
6996b83c,2
f6ebdae5,2
31dd7cda,2
7fba23f3,2
3de3b1f1,2
2221d513,2
3599624f,2
f2a9e874,2
2689e886,2
e1ad634d,2
21818ac2,2
fa9d3e0d,2
a64fbda6,2
aef777fa,2
c19947c8,2
f565e128,2
dfe27af1,2
cd02d848,2
1257f046,2
c7adcce1,2
f54866e3,2
d7f4e25d,2
b92b0c28,2
6e6137f8,2
5b4b4832,2
db54aff1,2
e11aacf5,2
3025a0b1,2
7173f9ed,2
d2c9c0be,2
426bd359,2
405259aa,2
76215314,2
845abad9,2
860a4444,2
a3683271,2
68fca822,2
07ae05aa,2
35dc06f7,2
b08915d4,2
3d630186,2
923cac2e,2
c613fe18,2
f17460da,2
ac070834,2
a9dc79de,2
2699a7c4,2
fb3d24a3,2
b3699145,2
cf1b5177,2
cd9e3e31,2
cae95ba5,2
847c2b45,2
8050aae4,2
68b1e16b,2
f5fbf048,2
e98efa3c,2
265789bb,2
5bc096b3,2
6640cbaf,2
b0a542f9,2
e0d00a00,2
09e4fe82,2
66eb8cbc,2
0466d4af,2
a7fe6deb,2
37202bfc,2
8f1b9f37,2
570353b3,2
f7da31f7,2
b2da5798,2
3dfa074b,2
51460750,2
42e9034d,2
1a523f89,2
fa2a4780,2
bea26492,2
79698452,2
b77b0a09,2
86a9ca60,2
48455577,2
c31fb808,2
0bc30a50,2
eefcb408,2
4ba1e7e8,2
a976fc4c,2
ab0980d9,2
934d3645,2
99072edd,2
632cd2a1,2
2c381eeb,2
1069e3b4,2
f3c55386,2
5dfab5da,2
5fc4a33d,2
f3db3e64,2
36bca6ca,2
691f71e9,2
c0d28f3e,2
59ec8e75,2
802132e4,2
40c59895,2
06e09211,2
274937c3,2
cc4d0c44,2
4366feee,2
f9f758aa,2
09ddc959,2
7569f939,2
41fc9eb9,2
4a612c42,2
f6f3a137,2
12cd938a,2
9596f68f,2
f1e6d130,2
073a2600,2
65c839be,2
78038855,2
88ba4cb6,2
981bf93c,2
6abe4e28,2
0b0780dd,2
b706a80e,2
9ec2b89e,2
977f0a5a,2
2124b621,2
f85a9f7f,2
f7751f56,2
b53e1b0d,2
3f12ba72,2
d3205c70,2
9ea85640,2
20800090,2
95948727,2
af5e1747,2
29f97f43,2
9f8477bf,2
a4981d1a,2
85f4fb59,2
a5a90dc2,2
d9994bcc,2
9629d7bd,2
6a83125a,2
f0a0eb02,2
62219a9b,2
e4817a91,2
30a7f4c4,2
66bc6e10,2
4cef616f,2
50c91397,2
6b2a262d,2
b62bb9c0,2
4727c4e9,2
87a359aa,2
3617905d,2
282545af,2
20cc1499,2
0f618104,2
0377d327,2
0608a1e4,2
6ebefcab,2
d0d2c35b,2
2f6a7428,2
538effb3,2
f866278f,2
78e14e2d,2
3ae5fab0,2
ddb4d5c9,2
1c938921,2
dade286d,2
feb84372,2
1cd6acfb,2
1529dde0,2
5be3ba97,2
9c956af0,2
d53d3687,2
3a17b83f,2
7daa1f4b,2
117effaf,2
16044f34,2
2fcc57c2,2
03624249,2
1359655f,2
913434ff,2
e646baa3,2
1a2bc787,2
4ca1e079,2
e340427b,2
137999e4,2
3ee75b67,2
3e0ca0c4,2
9b4eb4c4,2
34625e62,2
7bd3914b,2
93ec88ec,2
64823853,2
750cefcc,2
b0276826,2
5b5685c2,2
5fd5f817,2
0f35b735,2
e8e798b1,2
abefe18a,2
e038e6f9,2
6581d414,2
bebc13ac,2
75561511,2
76402851,2
769477fc,2
57bc07ef,2
335074fc,2
ed808153,2
71662680,2
8ee7086c,2
90cfc24f,2
791280f8,2
512e202a,2
98c77719,2
6df24167,2
a1aa3b3a,2
b496b378,2
c7760615,2
d7cbbc20,2
618e2f2a,2
6d4f3022,2
5ffd8863,2
db06b8b1,2
aeaf9b8a,2
8595c188,2
0853858f,2
4c5a9cca,2
14d82fd4,2
2bb03601,2
2142f6df,2
4c27d4d4,2
a92d7858,2
3e5cc9fb,2
e4747370,2
5401e133,2
5cbb97dd,2
2a00beab,2
5841f58e,2
26abee37,1
bbc5c6f9,1
923e1022,1
9cb838e2,1
3895bc8e,1
ba3ecdf4,1
f1fabd9a,1
de8c724c,1
bf918a23,1
92ba9d99,1
6720204a,1
aa1c2a78,1
6a2b1749,1
75011a28,1
5baca3c2,1
1ff30b94,1
1f9bbca6,1
b2a89a5a,1
1b3f306d,1
3da5824b,1
a06b9aac,1
1c090dee,1
5a79446b,1
69e6274a,1
a9d68e8a,1
7a47c295,1
e80d2cd5,1
2d62bdb4,1
12ed3d40,1
855e8c7e,1
3afb5831,1
6b97a8dd,1
8d1fc664,1
2d2aa54f,1
192188a4,1
70c7bb6e,1
8d5894ec,1
984d01d4,1
1fc539f6,1
9d75d5e6,1
4e692a33,1
f418e75c,1
4fc73366,1
1540b08d,1
96658d2b,1
b5b99ec1,1
a32173e6,1
e7b997c5,1
aeaab369,1
4ffdc816,1
e3fda070,1
6fd8e250,1
1e9bfce1,1
76ac322b,1
99c80584,1
21632e7b,1
cdf66592,1
5e81d9f6,1
7b40f6fb,1
401e4725,1
168d99d1,1
fa3cdbc3,1
94632e99,1
d01cfe1b,1
e6ddf20c,1
9c34a51a,1
335c8b88,1
ec7e1dc5,1
2ea37853,1
62b628f0,1
d8efacd9,1
8fc9d07a,1
6590d9b6,1
d176460c,1
88dd4b4a,1
4f75085f,1
27a5841e,1
06a6ab23,1
fe6d2a13,1
736f4a77,1
59075bc6,1
db36a991,1
d6deaa7f,1
210344a1,1
ce0d4f55,1
cda46106,1
9f14ce71,1
1a4492a9,1
97879743,1
368d9bb1,1
c196b0d4,1
a98589a0,1
d2d1dea2,1
79338018,1
983a56f4,1
d1e08cce,1
865903cc,1
6098ea46,1
f15874dc,1
35b072e9,1
902c4186,1
9ef81e32,1
935f6299,1
012f69bf,1
96f3ec3d,1
aab43ca2,1
4faab8bc,1
e40a4b59,1
1d5ce75b,1
53ab799f,1
a39a1ac8,1
a53b05f6,1
f8ccc10d,1
f780513c,1
ac047926,1
d32d6cd0,1
3b0a78fa,1
be656527,1
96245ef6,1
da83e8d1,1
7b2b8775,1
c8e5903a,1
533f09e4,1
5badda62,1
386c620d,1
cbcddbe1,1
2f2425b1,1
8eb194a1,1
64d2f533,1
c0cc2af2,1
90fe6acd,1
df31bb76,1
e642e57c,1
e8fe90cb,1
6179e443,1
e2c51482,1
98db3bdc,1
15daabb2,1
50d8dd02,1
1e4756ff,1
e0a1bb3f,1
413929c0,1
69719d08,1
2405ece4,1
11266cae,1
7291af4f,1
b004f1ae,1
d9723f69,1
740e96be,1
686e9274,1
7f35410a,1
cea6578b,1
681a39c2,1
b06e70f1,1
657744cb,1
faf9aabb,1
2f971707,1
fbd24ab1,1
007f5e76,1
f844fc7d,1
84d3f201,1
aa7e93ff,1
afb15cf0,1
b0c8b0d9,1
38bb70ea,1
e41fd79f,1
47999e90,1
131b0a70,1
04de2346,1
6bb2bbaf,1
e77377d8,1
8a5df648,1
4ee6e6a1,1
9aff44bb,1
ad00a124,1
03fc8fe0,1
7a3a5d00,1
adcc4fc4,1
fd7f72f6,1
29be074d,1
bc1a8a7b,1
03ccfc8d,1
8ba2f127,1
96293165,1
85f3ed60,1
0d14ecf8,1
687e4fdd,1
fd1ddb96,1
56561ca8,1
f9b14290,1
5d5fb739,1
bb8b92aa,1
333352c5,1
0bad23e4,1
aa6c4d6f,1
45965518,1
520ca0ed,1
1a038666,1
d200836a,1
8e3a9730,1
084d3ead,1
2b1fef30,1
0437c204,1
6a1efa90,1
cda7da63,1
d4c54352,1
f0662826,1
d5900cdc,1
82955a0f,1
5fa918a9,1
05a2bf47,1
c3eac8ac,1
91cf735a,1
41da9547,1
11802612,1
29b2f467,1
eed03bd6,1
1164f92c,1
8ee61bb0,1
ff6ca440,1
465c2871,1
7ae1441a,1
d53b732d,1
8aa00b16,1
7cf33fd4,1
b638054f,1
21fbd80d,1
b2bd684e,1
e137013e,1
aca82836,1
2ff3e5d4,1
133eb8fb,1
25a51958,1
92239dea,1
521208a0,1
1482ad02,1
a97cea34,1
1f1f2b29,1
d3cab5f9,1
aff58fda,1
7cdec0c7,1
03d10223,1
49274c50,1
09d676bd,1
e4229c71,1
d4ce2c5d,1
7055c783,1
ef79f97d,1
5853fd49,1
9ef966a9,1
4ba46b95,1
12f6ad49,1
a7639b24,1
6783d017,1
154181c9,1
8c6263e8,1
4a20a562,1
a9d894d5,1
8705b6ce,1
69ef7b8b,1
6c8ba31f,1
3b8dcd4e,1
738e9363,1
2f0f2a56,1
037c69a2,1
06982ea4,1
8d9d0ddf,1
5a6f8f76,1
458f91f1,1
0f7713f1,1
f54ed6f3,1
4c6586e9,1
c73f9684,1
99e4923e,1
a7a2f59b,1
33502ed7,1
7b79c11a,1
5e1106cf,1
6ecf952e,1
41ad1d38,1
282cadd7,1
ec82da50,1
01164b2e,1
70b7ffc1,1
d6ceaf5a,1
6001d1c7,1
daa5e1f4,1
35a0b5e0,1
76a4d3c5,1
e4849ebe,1
ba42c5bf,1
27f984ca,1
5e410ee0,1
9bc78f26,1
f80fbab7,1
28e4aa31,1
f7b1d8d4,1
17246592,1
044c0602,1
32eb5234,1
30801aff,1
0fa8709d,1
fc699101,1
0b2882a2,1
9f5ddcd4,1
140afb45,1
0b9aa62b,1
d6d5570c,1
806143ff,1
d9c6daa6,1
129c9146,1
41751f48,1
c62118db,1
f6a6d594,1
b0d0e35e,1
43d0078b,1
f9de7106,1
b1ad3f6f,1
d2a431ea,1
f4ae65b9,1
1663b3ca,1
b1f8a09d,1
4af574c7,1
9c030652,1
fdd93c6d,1
0de15f99,1
c7e3a41d,1
9044b792,1
c080d6f9,1
e0266dcd,1
b9abd36b,1
b1481fa8,1
30b22eb6,1
e10779e9,1
aacc2151,1
0f9a1e7f,1
dc81468b,1
3b6ebd1d,1
a66a0f5d,1
94e0c4d1,1
a76e3fde,1
9eff87b6,1
b7bb4064,1
3cf37bf5,1
59fbde32,1
ba10e484,1
f6c02173,1
d4ffcd41,1
796cd0a7,1
61d5eedc,1
ec55f5d5,1
1be3fa35,1
c9cc8977,1
df8c5021,1
de6359ab,1
08a24009,1
2a187127,1
3cc2ef4b,1
e21b5bba,1
f4dc0adb,1
0c60e8d5,1
dd550363,1
dcf1326b,1
db3ca88c,1
a4c090d3,1
3de46cfe,1
f38d0dab,1
35c03eb4,1
331afbc5,1
aada31ff,1
a3baacc9,1
0b2ebaa2,1
9296a703,1
aa744f08,1
48db234e,1
41537eff,1
20b33f53,1
0329cfc1,1
b7db40df,1
1b46939d,1
8ad31166,1
73c302e7,1
c4c53de7,1
d4ac1700,1
27654efa,1
acd5071d,1
4f74b3a6,1
73a9a547,1
a50f4eaf,1
f103fb36,1
1ea9900a,1
d527975a,1
b8aebf07,1
bcb0777c,1
16d7b020,1
a92aeeb7,1
5eda5b47,1
f982cdea,1
8ba99578,1
4dff3486,1
a7dd664b,1
958f7581,1
49dde934,1
296074ea,1
f012168e,1
ff668f12,1
58b27a75,1
ea535503,1
dd0f4f17,1
6cd83bd5,1
4e7cd14d,1
500259f2,1
75592ba1,1
6f614238,1
5eb3bd44,1
f3f1c080,1
e3c040e7,1
d97c05cd,1
9a3dd24b,1
d491b31a,1
564781cb,1
eda75665,1
07095364,1
95307675,1
20979f2c,1
8b3a31b2,1
3c202b50,1
b05a8ed0,1
39d2c962,1
644d7987,1
1a742212,1
0eaae80b,1
2818fa90,1
cd45d9d5,1
d471ed79,1
c13b5fbb,1
8feb6abf,1
093c4b1d,1
9d6dbfa0,1
1f94b9f8,1
6b2846f0,1
42fe9d1a,1
5f8c2ed0,1
f7a34b3e,1
ae725fc1,1
c4def581,1
b716ff43,1
a45601e0,1
02003807,1
2f014cd4,1
16d65454,1
68c32307,1
e669f99f,1
039cae32,1
e5b0f01a,1
40ca0583,1
be144201,1
9aa356dd,1
1f909fbc,1
436d286c,1
7cddfe9e,1
8031e651,1
b9bde83d,1
37f2121c,1
d8bb14e7,1
139af427,1
7be16e41,1
96011832,1
7d192ba1,1
4848dde6,1
f2ef97f4,1
fc503755,1
e47a8de7,1
5dade3e3,1
11ac9fd1,1
95b80a11,1
ec308451,1
c483332e,1
9885f7ed,1
d78958b5,1
3ae4a60b,1
803d085e,1
2b82dc8b,1
a756914b,1
6a789c62,1
5e24228d,1
329288b0,1
e40229c9,1
9f04cbf6,1
47e95793,1
f5611ff8,1
a83d23f4,1
7126bd5c,1
82ca657b,1
d124b65c,1
4f6938d6,1
45a2f06a,1
4ef36bb9,1
30e8bdbe,1
f68f5c93,1
0bd3d0e1,1
ba644510,1
6996bc64,1
3bce7303,1
02fb9e76,1
29a650b9,1
bf410bb9,1
f5699460,1
dbd45698,1
717e3fbf,1
a93fa90e,1
7a18acc6,1
2bb28c1e,1
b14036b3,1
338320d0,1
73f5e17a,1
472b2f95,1
32db15dc,1
41ffee61,1
08e75f7e,1
2fa74018,1
ee824477,1
c59c5632,1
4cc98d61,1
95c1e2fe,1
a1d0c6e8,1
d06cdadf,1
b95d8000,1
add8afad,1
576e1257,1
cc1163f9,1
f7eb4f1f,1
6049f6d1,1
299975cc,1
0a395e6a,1
10ef406f,1
435af413,1
6dcf78b1,1
2d8bfecc,1
42784aca,1
8dd99884,1
7f4fcd3b,1
22983f68,1
03ff8abc,1
4e5d4a7e,1
fc1246d2,1
d03d26d9,1
7a0652ab,1
6befd607,1
994eb041,1
0480d7cb,1
bc34eaa8,1
1cf30c3d,1
9a19fe85,1
51f01e8f,1
9d410958,1
a4bd173c,1
62a44c29,1
9f8e4f9e,1
5cf6c93f,1
205a7349,1
fce44da2,1
c6945c82,1
12938784,1
e389c32e,1
2e143cf4,1
a0e7a6d9,1
4488be87,1
6c2a05e1,1
671d3dbc,1
260a377e,1
f4c26b12,1
c1ccdbb7,1
1da1a4fc,1
25b57e2e,1
4453098a,1
e514cae8,1
7de971ee,1
84d71e1a,1
c4fcee13,1
4e98584d,1
9c31166f,1
455a3fba,1
18feff0a,1
0d535f61,1
dd0855f7,1
f594fe6c,1
087e3e00,1
518d74f8,1
73555b9c,1
36149214,1
df0e56b5,1
b58797fe,1
ba816741,1
77c84b7a,1
b7375bab,1
d7ea57f1,1
4f1fdb76,1
249f56f9,1
30fd139b,1
eec7e050,1
4bb96cc6,1
14e1ff73,1
09ade394,1
799d1507,1
eff5c280,1
5613fa0f,1
bfc0c724,1
614f2ecf,1
29ad92b8,1
9808b11b,1
086e80de,1
67e9b1d0,1
0063446a,1
ab203db0,1
605c21cb,1
c85d0f0d,1
2b47b7d0,1
4771588b,1
11c4b310,1
8e08f6fb,1
1cd0a464,1
9b699cfd,1
b9347803,1
d15ce73f,1
05da085b,1
2b57b01c,1
0c0745d3,1
7f4c940a,1
a7daf5da,1
365e2966,1
9e1bf4ff,1
69849779,1
26b44b74,1
e96adba3,1
c2d3e644,1
5875a70c,1
fb35d423,1
efc41863,1
bd86eb79,1
a8e3d2a2,1
853591da,1
f6d0b764,1
8033682b,1
4d98ca8c,1
33fc43a8,1
4df2a7a6,1
aa222cbf,1
c3007120,1
82eea6a1,1
2332e0d0,1
a4095a0c,1
732cf2ab,1
08e4869e,1
13f65e92,1
dcfac29f,1
1c5680f7,1
3920d826,1
de5f8b99,1
51276a1d,1
59dc4257,1
4ce235d3,1
76995aef,1
5d3bea35,1
3fb09cf9,1
73078358,1
8b624743,1
35d047ac,1
aa2275d2,1
f141ce2f,1
5389a97a,1
46d0404d,1
36a6adcf,1
a42561fa,1
9836c20c,1
b29fea22,1
2ce9a810,1
2009a19a,1
614da51e,1
c0c7031e,1
d0a8ac5c,1
2a8e2b86,1
2ac5a18e,1
32d37cb4,1
8140c647,1
44625da7,1
0091a3ee,1
08df311d,1
c2d14ec5,1
aff66fb7,1
7113be90,1
cb024d85,1
63f8ca52,1
2d87d1d6,1
069c1a7f,1
25a1aaf7,1
e3c13cb8,1
1e0b6b5f,1
f3302a15,1
ed36830f,1
c31734d6,1
bfd6c84c,1
dd5fbff0,1
f4655d49,1
1c1bdd65,1
16000ff5,1
37ff35d2,1
d27469d5,1
6404cd91,1
2aa85885,1
adb54399,1
c91ace20,1
6d22d706,1
1979b4b7,1
4a5f85ad,1
d9d7cfb6,1
ef806190,1
ca1bbb9e,1
4755d669,1
d62598cb,1
2a464cba,1
9e5377ec,1
4055c637,1
45f772fa,1
af443ad0,1
cef11f8d,1
57cefcce,1
29ef4b56,1
4d8a4905,1
61bba352,1
632c8b91,1
5a4e8f19,1
6ec1daff,1
63420906,1
ba294880,1
fa0a24e5,1
43ca7f6a,1
e232051f,1
3f4b731d,1
2fabfae4,1
c9db15c7,1
a93f9ff7,1
641fcf78,1
fd43b064,1
93f66206,1
627db47d,1
64da067d,1
66143496,1
c6748afc,1
77f6dae3,1
d2ee15bf,1
266f6a22,1
21b6fb4b,1
5b3a08b5,1
0cc0c2af,1
75f2013f,1
f750761c,1
70a0f5ae,1
5f05c6ba,1
b1cb64d4,1
23a557b7,1
ff20652f,1
636a211a,1
8ad081d0,1
37283405,1
978910cf,1
109b0533,1
91829e5d,1
d63391d9,1
a51ba6a6,1
fe3c3367,1
df501862,1
aa8b9aa0,1
dd1becfd,1
929dc400,1
fb3c0095,1
df147c4d,1
0ec8f46b,1
226c1207,1
3a10b598,1
84aff4e3,1
ae661cd6,1
42016dec,1
38a4985f,1
3f69e854,1
c4c20480,1
a0492e6c,1
65bbfbee,1
16af9fbb,1
5ea4303f,1
0f086c4c,1
5597c354,1
495ec3f9,1
4ffc3f86,1
3908706e,1
d9ec59ee,1
6777ab2c,1
ae0c0a34,1
145a532c,1
b239537d,1
cf05880e,1
e0f56fb4,1
dc6364c1,1
bebebd8f,1
e0d03bad,1
8a210200,1
ae6618c2,1
e2a711f5,1
e3eb5e52,1
a14f2cbf,1
deee80ef,1
fb499d5c,1
f364105b,1
86c4dd2b,1
45309dee,1
01cfb391,1
1eabddc7,1
0d7b182a,1
0ed19002,1
46ae1a4e,1
497ba270,1
ae6cdf19,1
615da6fc,1
223e8802,1
856db88c,1
40a9afec,1
65489d97,1
194048c5,1
de6cc941,1
2ac34d92,1
fda4c335,1
b2095c7c,1
d8977f30,1
ce283218,1
b18a230c,1
758c7d01,1
96c23417,1
807a04e6,1
465f793a,1
03d0e9a6,1
33faede6,1
239f2a91,1
fd58fb22,1
94a75243,1
8b577d96,1
916fdbb4,1
97637cc0,1
0496110e,1
29608014,1
58e20195,1
9f3f8ad4,1
5742e303,1
7c705257,1
e0d3fa87,1
7e0daa64,1
fa6182d2,1
7b245ea2,1
c2d22cfc,1
41bb09b6,1
6d69ce63,1
b83041d6,1
724fb14a,1
d2b7d0aa,1
3ace5799,1
85e132f6,1
856c9ecb,1
cd0af47a,1
9b6d1b16,1
e19b5cca,1
2e46bbdd,1
54409f9b,1
626673a7,1
f1f9dcaa,1
1b7d619f,1
05f7c5b1,1
cec9ed94,1
dfc78c78,1
ce20addc,1
f6b7237a,1
7973a01d,1
a787231d,1
d2827ff7,1
e3cd252f,1
634e5b58,1
65275400,1
dbe03ab3,1
d88c14a5,1
4294baca,1
ad1c30cc,1
04c1bab3,1
9e8cf934,1
e6897992,1
ee0b94a2,1
d484145b,1
e87cf02a,1
d7ff100b,1
2dd02539,1
20adabc8,1
6dc0d08c,1
b127b00c,1
5b9c58ed,1
a6d15346,1
df6a877a,1
54247b82,1
011dcb5e,1
ca23a4a5,1
de067532,1
885af6fe,1
0ddb206f,1
44a347bb,1
18745d2c,1
ccde43d3,1
cfead768,1
4546c671,1
93fec1c4,1
ca098301,1
c4816873,1
d92b5e75,1
0532fa13,1
34614d6d,1
82e379d4,1
c8c33ddf,1
7e952e70,1
3e6cfcd5,1
7e7e9d36,1
cfb0cb73,1
800d3fea,1
dfe21490,1
cd540e17,1
90fe1943,1
afa352e8,1
9277bd42,1
698f868b,1
a4376620,1
c15f794c,1
e9466435,1
78247147,1
a92a4431,1
29e0cdc8,1
5bb3dd6e,1
f58a2437,1
59a50e1b,1
40b89685,1
854b3239,1
dc36e002,1
52595f85,1
ea2856c2,1
dc8763db,1
777088f3,1
04ec0535,1
c1279e41,1
33ec5dfc,1
94176e84,1
641dbde5,1
110dce1d,1
de662830,1
64bfdb80,1
6370d5e7,1
52fddbd7,1
96f0734c,1
224b108e,1
eaf99cd2,1
ad43ad98,1
249e8414,1
f6e73e36,1
f1624c30,1
f651e468,1
87dd3d49,1
640472f5,1
ea11716d,1
e0c6750f,1
e4f2d58c,1
a0f5c4ab,1
03c6bf2e,1
ef50d826,1
3507e411,1
96f80efc,1
84b0587a,1
2a32c3c3,1
d5bc313b,1
92591d49,1
4207aa23,1
5182665f,1
94ca48a5,1
e50cc727,1
b494c9db,1
6a2bea36,1
3bcef102,1
aa44661d,1
b39f1386,1
95e7a8d5,1
8e119cfa,1
bdc708df,1
059351c8,1
83fb22ca,1
46969cc6,1
dec27e73,1
14187e2d,1
01432b3a,1
7a128f5b,1
3ab3f4e8,1
18e93fdf,1
d3daf0da,1
85aa14ed,1
86eb9442,1
7356d6d1,1
b18de346,1
a78c89dd,1
d6f20c50,1
3a0683b7,1
da30cdee,1
a046f831,1
b979408e,1
fe019206,1
3127682c,1
a8892ad1,1
517c956c,1
5b925eb6,1
b14d3b15,1
004bdbb6,1
98f53a90,1
3479c5a7,1
25a98364,1
65f832df,1
887f9dcc,1
b93d1221,1
849bf44a,1
326613b7,1
bd5281f1,1
fcff45d5,1
9bb75b19,1
1818b32c,1
63844318,1
a1617dea,1
20691243,1
5343ce3e,1
85f576ae,1
b21bffbc,1
b2c68419,1
f4351104,1
ea38f7d2,1
3a954c1e,1
97b52f50,1
ccb30337,1
3e9ce34b,1
1d34b99f,1
86b34736,1
327ca1db,1
ae873772,1
db0bb693,1
6c26dc05,1
86c7ebe2,1
bfeeb77b,1
cb4187c3,1
270f0733,1
c7a16283,1
50f82603,1
b0dca5f6,1
23f30e5d,1
a395d1c5,1
fe96400b,1
4752598a,1
a873fa78,1
0bc975fc,1
fa5cc500,1
723c9f23,1
a010f6fb,1
0cb7751c,1
a8564c8d,1
cc194fb9,1
ea1212d4,1
12e47b9a,1
305f4f9c,1
64baef69,1
db018d6c,1
1c1365d4,1
2dc285a5,1
0955a6d8,1
47755513,1
aa6e3d6c,1
475ca543,1
60357052,1
d54ce524,1
7cb71e86,1
dc61d69d,1
0bf1424b,1
2330939b,1
2c19887c,1
e3fb4e47,1
5dbf3d61,1
b4faf673,1
1e15bcc1,1
fa16b860,1
20201b0b,1
215a45af,1
a836b1b9,1
1d87a208,1
e855680b,1
d73250b5,1
0763edf9,1
7ee55cd6,1
4b13f4fc,1
171c3442,1
318d5814,1
8312f7ef,1
802bd78e,1
dc970e64,1
a30e3304,1
a1886155,1
a29a5354,1
24553f83,1
f89aa114,1
95a5cce4,1
94c125b7,1
30c0d7dc,1
2d8fcf4d,1
34ca0271,1
f0fc3186,1
eef2e671,1
1745454b,1
0ccf3330,1
a0bd79d7,1
e12b2643,1
7810a2a6,1
d47578ec,1
04fa43a4,1
ed57483d,1
99bd44b6,1
04244e3b,1
a9deab4e,1
55838257,1
3557d789,1
4b097e02,1
076c8cd1,1
c4ef6796,1
1e3ec10d,1
aa361300,1
77a7edf0,1
00a98268,1
389846b7,1
9dae61e6,1
4b2a6939,1
1427bb9b,1
2b044f1a,1
a49d0d74,1
6783b360,1
8f93b59d,1
5aea5077,1
68b1a6f0,1
d64941d6,1
4ae7d220,1
c80fef88,1
ae5ee1e4,1
976459aa,1
6c85c506,1
29042db4,1
6c137f39,1
b06b866d,1
76ccecae,1
631e812a,1
ca3da68c,1
ae44390d,1
56c3cc42,1
56b204e0,1
9d38ca7e,1
f2449f8e,1
2a18663d,1
4430a428,1
a2acb10d,1
454f8dea,1
128eaae8,1
2bda7353,1
3d0bfbda,1
31b81b9e,1
b0cd2939,1
cd3236a0,1
0d7c1bb9,1
5ec1d521,1
1ddf55be,1
8f04e0e3,1
e6aed89b,1
84f5ad95,1
3e06953e,1
4849c1c3,1
c348cca8,1
e18be882,1
117be0f4,1
412a445b,1
0ba11dd9,1
3a503ec6,1
fde93004,1
aae0fecc,1
3422f684,1
91b6f68f,1
2786db5c,1
22a2f44b,1
4b100126,1
470d067b,1
eb99176f,1
45e94e2f,1
0467deda,1
1e81f3d4,1
870d49be,1
e98c9194,1
2090926f,1
98c8cc78,1
e45e9b53,1
97f2919b,1
5b502c7d,1
70941dcc,1
ad4cb6d0,1
18712bf1,1
7d6c9a23,1
6501f91f,1
2dfcb723,1
3948d808,1
847b488c,1
a21e5ce7,1
d437c62a,1
b6080b82,1
339ddaff,1
3dc4c2e7,1
f85e7295,1
4b718a45,1
20b0cda1,1
ee923e10,1
29de6d5b,1
f713306c,1
7150c0ea,1
ce8dcc7c,1
2a7d07ca,1
ece1f0cd,1
5b82021d,1
87bcf048,1
0188521d,1
63331d8e,1
7d1925e6,1
b9787dda,1
975cb110,1
0195f9aa,1
8e6a8758,1
91fae907,1
fa9a3e2e,1
df1630e4,1
898990f4,1
b02534f9,1
92aee59c,1
370bdcf8,1
0c365a63,1
211e576a,1
1bb69498,1
e48d1d46,1
0a67a9be,1
a9cc64a9,1
b4b10c06,1
da17453a,1
8b5ab685,1
9246fc98,1
ef7d0457,1
cba11f4e,1
aecda4bb,1
a0eb87c2,1
88688288,1
099d3072,1
e2286e90,1
b48d9fa7,1
261e7478,1
a3883e94,1
a07773cc,1
af75133f,1
3cc46bf7,1
6c740ad3,1
e6badaab,1
67defca7,1
80b79795,1
42e6e59d,1
e903c014,1
668e1c45,1
c5683a5f,1
7a843671,1
55410768,1
c1a80331,1
2437c08a,1
442f6df9,1
2e3516d1,1
bbba896b,1
425d885d,1
63463fa5,1
d82712f1,1
2a802410,1
7c9d3e2d,1
630275a0,1
f84a892a,1
6e36d5e5,1
45e1c048,1
bc9a6f94,1
14818862,1
fee31afb,1
946a4454,1
f07be28f,1
7d18bb85,1
471378f0,1
7c1eed6a,1
13ac04f5,1
be800c45,1
6ac6c7b8,1
59892474,1
0ff4400c,1
b94ac0b3,1
f5fc3429,1
eb11431b,1
1ea64c58,1
2de8d72b,1
eccb4d19,1
5c654a85,1
748a146c,1
b96d8ef9,1
0c45a4ef,1
410f49c1,1
7f2c013f,1
fd50ff70,1
40938bfd,1
dd4ec127,1
b4d033d0,1
6e3c09cf,1
24946eb4,1
3d7a3fc8,1
fc3bb57c,1
f0ba92b7,1
67daee0f,1
097ac445,1
a86d9123,1
6dfb0b31,1
41ac7a0f,1
c8847325,1
e947b8b5,1
f5b5ef3b,1
9a164485,1
7c2ac3f8,1
760c29c9,1
fa44c664,1
1b511087,1
6f9ec105,1
1fd0a644,1
071864cc,1
7425e37e,1
1927c1c3,1
bf56d454,1
f509042f,1
7b66c400,1
60e8c03d,1
3dc2809f,1
e4a94437,1
0dc9eb30,1
f3532000,1
8d9d1145,1
598bd4d2,1
dc9cee6d,1
4f339596,1
ba29d363,1
bbd9b4fd,1
b8dc0fa1,1
76fff80e,1
0024d3b4,1
a35de6b0,1
6899394e,1
4fbe496c,1
1b0672b1,1
e5e512e2,1
b39159c7,1
e03d1dc3,1
799ba266,1
c1d0405e,1
1456fce6,1
4412ba42,1
87435325,1
bb52347e,1
b43c00b8,1
64ac58fa,1
0351fc51,1
4ba7c741,1
d84cd736,1
33584bb6,1
26eff7d2,1
09d82d57,1
61a7736b,1
e48d3b47,1
d7bcac10,1
4df12682,1
f93ca9a0,1
d226b517,1
55505c2a,1
8b538b77,1
060216dc,1
983d3d0c,1
9c03e169,1
e2a1a5eb,1
298762cf,1
22e56ee0,1
acbe94b3,1
4069e894,1
42d0302e,1
0a97b6a9,1
91f0633c,1
00edf34a,1
7b36be3e,1
e6abeeb9,1
51c88992,1
38240fff,1
b1766871,1
95bb41b8,1
0c113412,1
914b4806,1
bf77752c,1
4179b7d7,1
16757d4a,1
fc343f92,1
77453397,1
64d0406d,1
0dbc4c8f,1
453049e3,1
7efb049a,1
9ab144f0,1
61828879,1
a0233238,1
9a81e71e,1
08d81e41,1
924d382a,1
2570b954,1
ea2005a3,1
85ecb376,1
14aceaab,1
10efc1f1,1
56450a74,1
693bb3d1,1
b7520d40,1
04c02120,1
c701fde8,1
0dbb4517,1
3bfaa2a5,1
9cab93d0,1
5596f11b,1
08792178,1
397fefe2,1
0f2bb15f,1
2b0a59de,1
dad52971,1
630b4ece,1
dec18b93,1
6c70b93f,1
4889bc8f,1
04239207,1
b89d1f8f,1
10c3dc60,1
89659783,1
5b1231a6,1
d2f4ac48,1
fb022502,1
763478f9,1
50315056,1
de3dcc99,1
40e276d4,1
db25bab7,1
1cd90d3f,1
936f7a67,1
819cd996,1
067f1556,1
9f5cd17e,1
2d222b20,1
bbb625a4,1
fd589b26,1
c887d1a4,1
f97e8f05,1
6a3ec3b8,1
3a771dd7,1
d04db56f,1
aab14249,1
e3ae36db,1
5b2abd11,1
270b8550,1
6ffbe155,1
c866e566,1
2721347c,1
16ab441b,1
c16bd2b3,1
aa53424b,1
0c821a7c,1
2c4b1d29,1
947c177a,1
eed17a5c,1
edaacd8f,1
d5ceaa46,1
33d507f8,1
134995e6,1
5ab10c5b,1
6d17ae3a,1
80e7f7cc,1
4ce0e234,1
54c8d36c,1
b51c5bab,1
70634f84,1
1f7eb3f2,1
91bc2c9a,1
b63b703b,1
64954e2f,1
41c2f8f4,1
5e708365,1
27b51faf,1
83f7c2ad,1
e95036a4,1
92189b6f,1
64fe7eae,1
c4077f69,1
af8e530e,1
b5cb4b07,1
d1678e30,1
f3848ea7,1
386405c7,1
53b5db3c,1
0d61faa1,1
9706ca71,1
ae74a00a,1
d9879033,1
e46bf9d4,1
44ea9341,1
170ffbbb,1
890cc4de,1
e6d0048b,1
9aaafb9c,1
500de03b,1
cf814d0e,1
205cb078,1
793bb733,1
25ba840e,1
5883de8f,1
507884d8,1
2a1dbce5,1
6327e842,1
2ae16498,1
058be340,1
c5ff1b80,1
b321ef08,1
62d71b2d,1
52b97ac9,1
2c4bb564,1
0efb4353,1
0a0d409f,1
760bdbdb,1
2fe0808f,1
ffdfc106,1
28a1c697,1
312b570c,1
871f44b9,1
e9f054f6,1
f89484f1,1
86f46b86,1
b7690ec0,1
6817c4b4,1
f717214d,1
7839b771,1
a2013f75,1
52a3d72a,1
1fecbc12,1
2a963eb3,1
e77dd91a,1
da7d880d,1
6bdc25b2,1
c2283d84,1
7599e149,1
46a4b50b,1
26a909ad,1
bcb7683c,1
59b47bc5,1
392610c7,1
ea98e4ff,1
783b5618,1
fecd0110,1
2de96622,1
bfd08fcf,1
e8fc77c1,1
df2fdf20,1
dcd9a195,1
6294e4f6,1
89966e54,1
ada60d16,1
b4838894,1
f4e4cfc1,1
e941c3a1,1
b107f9ef,1
38000950,1
db2bd500,1
f9019c9c,1
25a2a89a,1
453b868b,1
d3353918,1
2f9252b4,1
c1d76059,1
982822e2,1
7c9bd23d,1
87faf980,1
9d42c75a,1
9695f658,1
3a001783,1
eaefcc69,1
5d03f5b5,1
9b5ff197,1
88586a18,1
9a7ade96,1
0a5c6d6d,1
058b8417,1
28ebb6f7,1
f177869d,1
7d83ad7c,1
27b3554e,1
82d5d15a,1
fa7e251b,1
c4cada05,1
36c843a3,1
74df98e5,1
f58766fa,1
241806a7,1
eaf49781,1
016378b5,1
f350273d,1
d2452e2e,1
26b67414,1
25ad5a67,1
cdbf373e,1
438dda1f,1
1eb4a773,1
3315b306,1
d83fea46,1
af0e295a,1
9b0399d0,1
3f61d9d1,1
814119ea,1
a8e9cd18,1
15b66a2b,1
4c920d18,1
e82fab4d,1
47bc4d60,1
6d0ef891,1
cf663950,1
2b661751,1
56cd5523,1
3bf34ca8,1
929bb842,1
21cc3f0b,1
438fdff8,1
d3d43a4a,1
a6a644ed,1
528b292b,1
c52d8646,1
38b36921,1
a4793e18,1
fa96922a,1
f709c49a,1
19d1da8b,1
b812bcc5,1
a0618822,1
2529e885,1
c770a675,1
75e7b89f,1
733de8ea,1
e498f0ff,1
a1188d59,1
217f81d4,1
e1df2b35,1
7087845e,1
839e27de,1
b66569b7,1
9b9dfd44,1
391b3fdb,1
211c9e88,1
bdfe0ac8,1
969e156d,1
81243f1b,1
073f1936,1
075878e9,1
59ac5d53,1
f21f1716,1
bae580bb,1
fc3c3953,1
e3bd2988,1
f390728e,1
fd5e2e35,1
231a1724,1
7ee78696,1
e0024f03,1
aa5989cf,1
d6241fdd,1
ff4ba50d,1
1e2bee78,1
85cd24e3,1
153b3a23,1
b3070dd8,1
bf5b1848,1
55e7c244,1
376e89a7,1
561969c5,1
43dc828e,1
148ce80b,1
38ca2eb9,1
351581cd,1
4349b24d,1
244cdf22,1
27c099b8,1
46d2c0d5,1
8469bd10,1
ddac8b5e,1
abedf5ca,1
acda7e54,1
ad25938a,1
70afa445,1
c8d812ac,1
cf765141,1
f6ac7507,1
e9b2ddd1,1
dc4d7f9e,1
6ff4dd53,1
c4a10d9f,1
1c1e3700,1
5fe4a03a,1
29bf0a30,1
9a4a2649,1
5b904831,1
e30ff0ad,1
e2a063da,1
6a861f25,1
afe10c3a,1
59a029b9,1
8247b260,1
3c39377b,1
67a89462,1
706df654,1
3d6c94a1,1
9c07041e,1
59c43389,1
5c7c235e,1
1af6c724,1
a820719f,1
0908c546,1
14a24edb,1
59e86210,1
8f992bd2,1
11542b32,1
78f27f54,1
99b25bb6,1
a7df0d7b,1
f5efa0f4,1
cea8037d,1
aeda2bcf,1
89d5669b,1
b0dbf357,1
1aa472db,1
491367fb,1
795a33d2,1
33ef642e,1
4433d23d,1
319c8dfb,1
45a51979,1
b5bd5ead,1
30cbade9,1
11de0057,1
66ae345a,1
7de47462,1
43a0c912,1
31809bf7,1
c25509f3,1
a6cc60a7,1
319daaab,1
84c13b8d,1
6a67c865,1
8ed663e2,1
c30c725c,1
e38a16c2,1
8912a587,1
32f902e6,1
149af118,1
8611c35e,1
12a801d4,1
06b0f3a2,1
1074eac6,1
7e9b8532,1
b236c675,1
682968fe,1
b93eb7ec,1
0783057b,1
96b366f2,1
a13f8ea7,1
fea7c315,1
32018eb2,1
f3e1b3fa,1
60534da6,1
6d9e990b,1
4f0b5f8a,1
537907e7,1
9432004a,1
c75ed19c,1
43d59b98,1
881e5f36,1
2478e2e9,1
2caf25fa,1
bb41f33a,1
68dbc0eb,1
64c64b24,1
3584c0c5,1
4ea072e7,1
a54c85a6,1
336469c5,1
df6736c3,1
adebce22,1
12319dd0,1
cc8eddaa,1
31fb8396,1
cc5c63de,1
9d6e1d2e,1
3ac53eee,1
ecc5c379,1
22c11636,1
803fa1bb,1
ebfe84c0,1
96ae8b76,1
b0229b06,1
e669e076,1
beb89f59,1
19438ff9,1
4e4233e8,1
23151f21,1
bb6a96ff,1
9fa3da9e,1
8e11c9bf,1
88e0779b,1
8cc971ea,1
b8e31e1b,1
12af5ae2,1
10285f52,1
8ea1372f,1
33eca41f,1
e39e6c07,1
e4df1051,1
69fb5529,1
61ce41af,1
78cabd7f,1
4c027241,1
470ecbda,1
d5d39f3f,1
b29cc46f,1
e8d646a8,1
5daa0de6,1
71525028,1
ae7866d0,1
45d974b5,1
f736f902,1
3662c4ac,1
bf46b3ec,1
4dac3e02,1
4d622763,1
10e38e29,1
7a9f571c,1
7658c0eb,1
d7f561f0,1
1b8b29da,1
447c7096,1
72fc79a7,1
80671b75,1
7777d250,1
dd819d24,1
70b139c5,1
bcc1c588,1
9b916cf5,1
a0a5602f,1
4883feb2,1
9b753888,1
3bab8828,1
8b7faa92,1
b88dd51a,1
cd07b0c9,1
192fff27,1
0ade6c23,1
4b1ba934,1
4b6e5182,1
b5a658f5,1
99f66353,1
fccacb2b,1
6532a0b5,1
62af0fc4,1
755e6d4d,1
8b45f36b,1
de841775,1
3528c1be,1
acd6415e,1
574c8ddb,1
5292c238,1
00640fbe,1
bb00295b,1
91bd49b6,1
edaa9fa3,1
827bb605,1
63cb1013,1
9d9a905e,1
a7dd2d9e,1
5fbde1e0,1
e9af567f,1
b5d9a462,1
fc84bc98,1
9702aa3b,1
8c178f94,1
ff7973ab,1
31361d19,1
73fd6ff2,1
4983be9a,1
9472a71e,1
f4f04c84,1
975dc9f5,1
2904a67d,1
e3eb7989,1
e0be5300,1
90a31dc0,1
0234c49a,1
b781b272,1
62bcf413,1
d672b177,1
5c6ca305,1
70ff5316,1
5ca88e78,1
c9f7acb1,1
0114eeae,1
056f4bf0,1
2adceee0,1
66ffc40d,1
5e27063c,1
ffc7dc80,1
6d5d6218,1
14488e3e,1
27b413da,1
521264a3,1
9b8765b3,1
b72ea33c,1
a461a1c7,1
ff8c5ffe,1
310b48a0,1
796fe56c,1
d976d75f,1
a798dd29,1
1643252f,1
893d753a,1
d65c2539,1
02136f52,1
e0c3b78e,1
a3922392,1
355f7687,1
2f3cd1ac,1
a243ee46,1
a76cfb8d,1
66057172,1
b90c1158,1
56a06775,1
02a8fc42,1
7d2ffae4,1
5e57c1a3,1
e622a804,1
6138f3c2,1
d517deb2,1
b6f1c956,1
e4128dae,1
d9552528,1
ba76b5cc,1
a210aabc,1
9a67a96f,1
f4350c00,1
16100676,1
257afba0,1
34da002b,1
25222c86,1
29a59b71,1
c3f803fa,1
282f159b,1
1a11b20e,1
2a52ec6c,1
1db51e49,1
d3d8486d,1
cd83b787,1
05933fe5,1
af6c54bb,1
dd8ba352,1
45df13f0,1
b1386cbd,1
b3b46a20,1
3267e900,1
10b3ac69,1
8e29107f,1
e7ab3521,1
b8cecaf6,1
22a6b992,1
0b18fa2e,1
419babf3,1
2d22d7c8,1
fd59d906,1
3af905ba,1
2be5af40,1
046169a1,1
edf9180c,1
8999497e,1
1f3431a3,1
f8df9e84,1
676be3dc,1
6703c6ff,1
03d7e2b3,1
e375f7a1,1
f8d3e032,1
0a958ab5,1
ab072b8c,1
644eb0b1,1
e3e421fc,1
60d83934,1
9e485da3,1
006900c0,1
1c438375,1
8cde8ec9,1
de00ff1d,1
72eeb608,1
5377395e,1
bf25247d,1
9e973fa4,1
0a3e7863,1
1ddf443d,1
d1d89eca,1
adcbc13c,1
4591b994,1
a7fa7250,1
cb6c2740,1
5cd45422,1
1115dc3b,1
7b7f767e,1
8d9a5ffe,1
b72ff301,1
53bcf673,1
deffc625,1
71e26410,1
ccac8c17,1
20905484,1
3f8274e0,1
8880bd3a,1
52b88906,1
63ef877f,1
e1ba213f,1
65e9dd1d,1
59389692,1
8f7befad,1
791c812c,1
41989419,1
d49a496a,1
39b1ffe2,1
f79a8712,1
58f22018,1
3911d301,1
5aa25b85,1
3f7ba6ad,1
a7f1d2c8,1
1546f90a,1
b10c5289,1
0c380b34,1
5ec087ef,1
f4d13331,1
c44ebfdf,1
c76cac19,1
5c3ced6c,1
71542b86,1
f814c469,1
eb6f24ac,1
855c77c8,1
46087c6d,1
4d07212d,1
7721a247,1
b3298838,1
0b2437af,1
0160fbdc,1
4ec66ad2,1
9997ee7a,1
750928fb,1
2c462f1c,1
b19a7ff1,1
4edab058,1
406ed97c,1
7bbe25ce,1
83153964,1
6a5ec1f3,1
c2f514ba,1
8c305c45,1
511ac68d,1
fb111777,1
e3b18384,1
9982b35f,1
c43a5fed,1
022883a0,1
a4911fbc,1
ab9359fd,1
b5838a6f,1
9a775c50,1
c881fe58,1
559a78bb,1
7d6d0615,1
bf975d72,1
c2d06755,1
91f2b1bb,1
552365d1,1
60d275e1,1
a14bdb8f,1
ff74094e,1
644b49af,1
0e549679,1
807e22ec,1
e293dee1,1
26b52531,1
325bb839,1
a4f8b4fd,1
6d288e18,1
1d7f8877,1
0daa0bab,1
b2a90157,1
b44f7788,1
83bbb3eb,1
ace54ddf,1
acc7f180,1
826cd972,1
4e37c20e,1
37e47b88,1
bb449557,1
63f72ee1,1
a24dfad1,1
2948a7da,1
4e935de6,1
c72f865e,1
cd654347,1
764edb3e,1
96f2b12a,1
d207451d,1
ec99d5fd,1
01e3d9b8,1
7032ce88,1
2d428dc4,1
d62d94f6,1
e78be4b1,1
f34125a1,1
f9096296,1
adb8ab47,1
f79450c8,1
99b39292,1
01884705,1
96809be2,1
1a7ef1a7,1
6436efcf,1
563b682d,1
4eecb493,1
fed19495,1
85c43bad,1
42dd70da,1
9a34c0e2,1
a7f464c7,1
2b12d51a,1
698afbfd,1
ce09c52b,1
d1ef7454,1
bd89efe9,1
3906aaee,1
c2106b10,1
801367e2,1
78b3f22e,1
1af6c68e,1
0faf700e,1
809d4299,1
a34eabcf,1
8ca93472,1
fab6806e,1
d14799bb,1
c0bb48e4,1
96ee50a0,1
1ad207e2,1
56710cf7,1
4ee6e913,1
229140e6,1
af5a201d,1
b9d7afdc,1
648aba5a,1
229f3930,1
26fc294f,1
546bf735,1
02b81d75,1
43df3576,1
7b40d432,1
f5df1025,1
d304efe7,1
aea7b5d3,1
7297b39d,1
a7780cb0,1
965e24a1,1
c84a6b67,1
9c172802,1
5d6a70d3,1
344ddd99,1
faf74ae7,1
a0ebd05b,1
a60f509c,1
0744bb03,1
8e46d87a,1
b0223b02,1
2444d902,1
a3bb96bf,1
48aa5e64,1
23058de9,1
b7e70d32,1
6a86fa11,1
a266ec60,1
a373fb5c,1
870d704e,1
a7f9033c,1
701fe8b5,1
0556c835,1
4412b266,1
780b0bc6,1
83bd3591,1
713ec8ae,1
f6bccb0b,1
025abf73,1
be1336d5,1
b7bb0b7f,1
1530eb84,1
a5cef8b0,1
1db2d710,1
c6202428,1
0b7d764e,1
76f60fbc,1
fa5037f1,1
97de6955,1
450382ab,1
d2b57ac8,1
7e6e7aab,1
806f3030,1
b6b769e0,1
2d60ef0f,1
3a9efe5e,1
409f5802,1
516edf3b,1
9138d139,1
29c17da8,1
ae13a873,1
e3af1d84,1
2543a5ee,1
455f03b6,1
00fc5497,1
f538bd1b,1
bfcbb638,1
1816378b,1
c559f976,1
b537c1e5,1
e3641c0c,1
b07316dd,1
b59ad120,1
bdd20f00,1
6bc75f52,1
9b79e54f,1
0983849d,1
e929b88f,1
65a13553,1
da753636,1
e70206c0,1
a7daafd1,1
3d865bb8,1
9c1e6566,1
c4d2ca42,1
b11b19ce,1
bc336758,1
24522324,1
3f5f0410,1
554ed07e,1
069d8b6c,1
5a1fdee8,1
69d46f39,1
7434db8f,1
e8dc7262,1
b5037d71,1
20ab4599,1
a8e9e173,1
80d93b83,1
ecf048f4,1
ec9110fd,1
1c43f181,1
46860a2d,1
0c476c16,1
3b22fc3c,1
c4c92c56,1
b5a63ef5,1
ec05675b,1
e8f106c3,1
5bcf2231,1
e5cd7aed,1
600512ee,1
b3096998,1
16d019a2,1
bc010ec2,1
17b9b332,1
aa6f63c3,1
8009d74a,1
e1ac1f3f,1
c11f62a0,1
953caefe,1
c00dd259,1
0295e47f,1
322c6e90,1
1bc349c1,1
7ae7b99b,1
0ff91a9a,1
2f116af2,1
3a77f315,1
35eae65a,1
e88a5270,1
a8a336ae,1
b4cd2485,1
9bf8e0f5,1
e3f16a73,1
ae0c620d,1
17c5f030,1
20c6d50b,1
915be480,1
a583c60c,1
2831e03f,1
03c3c5b0,1
f836f08c,1
8bddc180,1
77b67e9a,1
6319fd4a,1
df774325,1
beeba184,1
063da5aa,1
92514816,1
5bd3e6bf,1
839f6996,1
fe956c48,1
6f50777f,1
947a7cc6,1
cdc5ec8b,1
4ea447f3,1
df59ef89,1
baba67ca,1
f33df1e2,1
a7940762,1
3c03d1ec,1
6e0a8f54,1
6a1b9cdc,1
570f096e,1
b3bc45f6,1
14573cd8,1
253e27a2,1
f8fc5a6a,1
a99d4b17,1
df9b8054,1
dcdcbc94,1
917611d1,1
72e46a2a,1
6227cca5,1
28a0b642,1
7a7462df,1
f285911c,1
2aac21b7,1
b16bd699,1
fde578d4,1
1d24b450,1
9ae5d3d9,1
a006e899,1
1d4a131e,1
dd221370,1
efbf1c27,1
4b967636,1
0a5f4fb2,1
6b994323,1
e57ee8f5,1
96709c24,1
2970369b,1
236132a0,1
de06f147,1
5dc84a7b,1
2bb1a630,1
54ebc663,1
57f7440b,1
58825403,1
d9021137,1
a65cd1a7,1
94801693,1
ab4e3339,1
91929ddb,1
faacd56f,1
8136fd76,1
08ea3e5f,1
19c9bd26,1
8ae81944,1
71b9830b,1
f50998fe,1
6bfd2b3e,1
12514c16,1
136a4640,1
fce5cefc,1
68a88fa5,1
b8f73ec5,1
841d1004,1
e8ace3c5,1
4dd73a53,1
ef8f51c6,1
e58adbdb,1
5ab33a27,1
a6b5f696,1
4331e465,1
eef94e1c,1
36791b9c,1
27f436b5,1
19baccb2,1
76cf76a8,1
033acd78,1
214d54b1,1
e9946000,1
e56ce0bf,1
d078e39d,1
ed31db18,1
363368db,1
13fbf368,1
91ef828b,1
c28a19bd,1
8ff4a2eb,1
8008ee74,1
a7e7ef17,1
37d881e2,1
18e4309e,1
e9d0ca67,1
780d2fb4,1
baef7dc8,1
12e5ac36,1
bc88a50c,1
47519f9a,1
25a6b380,1
4e91d887,1
cd35acb0,1
4989c867,1
008f2fea,1
df480f22,1
8cf01309,1
4041e8d1,1
e4c35337,1
44d9a89c,1
7e65936c,1
17049e17,1
c3910e5b,1
71da1793,1
c4a0dd6d,1
b4d4aecd,1
9258156b,1
05dc94ed,1
d2c0e9f9,1
83792513,1
58b09f5f,1
92310d34,1
e5188df4,1
a0dd46c0,1
e91a28a9,1
91b0de61,1
2c2c101f,1
4523661f,1
25a26907,1
e17c1d7d,1
41ef2bbb,1
5d34144e,1
ec236a6f,1
18ccb14c,1
1a2dc273,1
c3227afa,1
9830bb61,1
c5f36344,1
8bde28e0,1
b3b07c8d,1
2c2a771f,1
a5c3f860,1
ba282b81,1
87b4769e,1
0796be92,1
658373bf,1
7933677f,1
2b7c2f95,1
6966b237,1
b5af8f6f,1
dcef6e96,1
b4c5ac19,1
39dc6036,1
a0a5dea8,1
491ed4cf,1
bd2fd562,1
6f3af050,1
4a2ca2be,1
b7478f41,1
888b8512,1
ab10175e,1
79d75dbb,1
d9b60fb8,1
c1d5f45e,1
51225179,1
758e6f18,1
5a4c1291,1
ce3a37f7,1
f0cc9819,1
3ee5d1a6,1
cfd8d8a0,1
8e8d714a,1
e8b73612,1
fdda8afa,1
046f93b1,1
eae970f5,1
fb80eb8d,1
ee232a84,1
1e47fca6,1
246f1ebc,1
bc08f99c,1
725a02c6,1
551d8ffc,1
7e998c86,1
165f595c,1
16d42666,1
713d1d92,1
2e536e09,1
9c92f37d,1
225f7409,1
daf9c877,1
6b8d2f05,1
6c6ab634,1
91de43a6,1
57a10dae,1
992b76ac,1
b443c825,1
86d150ee,1
0753881c,1
1ba58296,1
ea56c22c,1
69b98cd3,1
8d61db5c,1
f3dcab05,1
aef467fd,1
0fcc7c41,1
046bba5b,1
a4a8d267,1
37e7fd51,1
70c8a2ba,1
5d409ac2,1
2eca010b,1
5aaedd2b,1
d0353c5f,1
0ef61e5c,1
3ca51559,1
71b94ab5,1
93c0b26e,1
54ea4197,1
e1a4929d,1
bde27894,1
eb0c7742,1
72c6f0dd,1
aa46a162,1
1c4f470e,1
c8c97765,1
f5547bd6,1
38a45538,1
c78e9af9,1
71c5729c,1
a2b02a84,1
58722bf8,1
41aba939,1
d643e849,1
49fc8cb3,1
718cd0ce,1
85438828,1
866a32fd,1
34ace493,1
4884ac97,1
e517415b,1
83973b64,1
d74169ea,1
051cca27,1
55a52de9,1
c7155e4d,1
72c13e43,1
92c1a52b,1
ae45f975,1
e0edae35,1
ca9ac355,1
b11e2abd,1
f59b2c95,1
6799ba34,1
54cec3c4,1
86bb1141,1
e3d7ef90,1
88739f3d,1
e6a8cda6,1
b2304a29,1
ce672f45,1
e3900668,1
e864d76a,1
d3cc7e07,1
0be9850a,1
84b627d0,1
e0c7c8b4,1
fe410fda,1
251d3a26,1
987b7a51,1
b41267fc,1
75202a17,1
16796ed0,1
0d532785,1
e4c43d2c,1
d3955973,1
4c216573,1
8b5afc39,1
ce64a9d2,1
7aded768,1
1e5795a6,1
979ea25a,1
a5a33bb6,1
3cfbf78e,1
0cc5e8d2,1
ab032fcc,1
1a6d3a67,1
3f8ce407,1
76bcd212,1
2bc10c5c,1
f30b20fa,1
5599f826,1
1cae2470,1
612f105e,1
6c30375c,1
0dfb16fe,1
ad002c01,1
a3644af0,1
3a0eb74d,1
16839566,1
c18efc36,1
6a0530bc,1
03ff243d,1
6050e980,1
53ff2fc7,1
6c1b46ce,1
c5206af6,1
51d4f44d,1
868c495a,1
1251840c,1
763661c6,1
aa8ae07f,1
d996d6ac,1
5f49d289,1
5cfedee7,1
093a9ab3,1
099dc944,1
1a65395e,1
66a93630,1
14fae6d3,1
ed08981f,1
839e20e2,1
39fdedd6,1
bd139380,1
bbfb3f4b,1
a6402f9d,1
c6c82349,1
8b5a1dba,1
b200bda3,1
5949a666,1
d2529a51,1
e2d9caec,1
892f663c,1
fd7c1af1,1
94d841ec,1
60f3b4e4,1
0e590eb4,1
6965c378,1
13a8127e,1
600b2081,1
964b7bae,1
ec95ec8f,1
fc5f65fa,1
d85e542e,1
b6ac7494,1
b6e13f72,1
0d5eb75b,1
db3479f7,1
510dd155,1
ece58b1f,1
74cfc5f1,1
1be70f40,1
0aac9f0c,1
7f3c2b73,1
0ecc430d,1
24b845c5,1
0515de7c,1
8917a66f,1
a89e10d7,1
5659a3a9,1
8c2fe7fd,1
3d370c02,1
c9cd947a,1
00f2e7ef,1
f2263bc2,1
80a2adfd,1
0b3a1d8e,1
43475dea,1
e6446d33,1
53ebcbe2,1
e7da53c5,1
5997ceeb,1
37ada4c9,1
6506748e,1
a1e11333,1
55664cce,1
d5c9c48f,1
c84a7bb5,1
82636f92,1
7f428184,1
b804c5f4,1
ce001da9,1
bfb845a4,1
d1848f9f,1
b4629a9d,1
9c3e1c57,1
c1d0e22e,1
3f4dacbd,1
247b1864,1
1b6d4068,1
5d3fe005,1
e20bd30c,1
de51807d,1
87f1f74a,1
cc4b8137,1
4bb41a65,1
ef40fdd1,1
cbf8c339,1
ff21c78a,1
be2e6d73,1
0871aff4,1
0ce5a1a0,1
f825fbcc,1
eaa97eb4,1
f8c3e0ce,1
fd8e4a2c,1
61bd2355,1
e0894d95,1
28253a96,1
8bf8a25f,1
bd68848a,1
733766a0,1
2f8bcadb,1
acdccd4e,1
e0b61232,1
900972ec,1
9e006b4a,1
7bea7441,1
f16a15bd,1
27be5978,1
2ab85300,1
ec1dd015,1
916edf00,1
7435e8bf,1
61abdbe8,1
1451b72d,1
1507e205,1
488584a9,1
a9b65fd2,1
7ae7d488,1
c011898f,1
07b1c535,1
485db23a,1
db3d577f,1
e0853b4b,1
557b9192,1
5f8b39be,1
307c9ddd,1
a9fe47c8,1
d35c18f7,1
d4bb962f,1
25da00ad,1
d488d38c,1
26a54f04,1
77a1cb1a,1
17917dfe,1
41e7c528,1
85da9baa,1
e201182f,1
280a3b92,1
701ccbe4,1
ec7c22c0,1
2042b190,1
f9c2cc34,1
4510fb88,1
f438cd27,1
143e876a,1
4cd843d8,1
f0d401dd,1
daf9f989,1
92c35e9e,1
f2ebbf6e,1
9e50bf7c,1
b09e5b1f,1
13b923cc,1
7eec2899,1
a45d57dd,1
fac2f518,1
ba3e190a,1
a5802a59,1
a821fca5,1
600fd199,1
fb19602a,1
7bbfd81a,1
469dfe92,1
23fc0fcb,1
9536b4b0,1
2fcbed53,1
c8d25535,1
a85326bb,1
41daaf0f,1
f7662784,1
da26e8f5,1
3b1faa0b,1
59da6975,1
c993d5ed,1
5d483a55,1
509fb82c,1
1435412b,1
1c5e4f78,1
2697bef7,1
174ed9ca,1
ee95961a,1
dc81aeab,1
9abd870a,1
cb686116,1
03504025,1
dcbfa71b,1
6d2a25da,1
6e9ca3a1,1
eb5db491,1
8613ebd7,1
376bc426,1
476a4caa,1
1456b869,1
7bd6f884,1
dd6d838c,1
79f47a79,1
26f90bf1,1
7aa0a793,1
237654d0,1
8e6c2eb8,1
7551e2ff,1
6a14496d,1
44591a52,1
1b4dc681,1
bc45e299,1
f5ef882a,1
05ed4b3e,1
c2e847a3,1
d3d0772d,1
642b0c57,1
eb549347,1
929ce4b3,1
f4c587a6,1
35c9c99d,1
f7897ebd,1
fbed64a1,1
edd29fcb,1
3c5710b6,1
13908204,1
3d66c721,1
0b963cff,1
cde2a206,1
26ad701b,1
006b6a66,1
3fa349c7,1
5f59be8d,1
bfa5ba30,1
3cee155a,1
d5a05032,1
e1687223,1
4a5166ac,1
b4c0dc6a,1
7361fa61,1
f4a92109,1
27173269,1
cf5df7ee,1
5810c097,1
1e2ea635,1
5d825c82,1
1687e03d,1
19448364,1
c4658a3f,1
ae2efde4,1
c2de9225,1
69970aef,1
d5bfa5bf,1
e6c6b9fe,1
179ad83d,1
f59bd0ec,1
b6434c09,1
43dc9426,1
c9e46c8a,1
0c8bfc87,1
d5b6b877,1
6ea1fab3,1
09a5994c,1
a0583607,1
e4e80100,1
3dc00b4b,1
940ddb0e,1
06875230,1
878a2a8a,1
a1216bea,1
28826389,1
14b5757f,1
12a3db27,1
3461f651,1
f7de60c8,1
61944b3e,1
eefa36b0,1
8172fb70,1
62e405c7,1
06582ef3,1
aee02289,1
a47df9d3,1
f02d47f0,1
6db01e04,1
215d342f,1
76fda7eb,1
ce011496,1
7427a3de,1
80dfe2ce,1
41c48eb6,1
d4f469c6,1
52647b90,1
a7182ef3,1
314b5a0a,1
89d3a8de,1
c00ec6c5,1
5320f79b,1
6fded566,1
8d31bce5,1
731bb699,1
0a9d3e87,1
1f19d3ed,1
6d208f0f,1
91c3d0aa,1
89982519,1
3030c254,1
1fdc86bb,1
ce679b07,1
3b302647,1
d9da9b54,1
9d564854,1
8e56df52,1
22040335,1
1f1ea35f,1
7ced9583,1
2485ed55,1
12fc32c9,1
02330ea4,1
46228751,1
d921f9fa,1
3974c401,1
49485132,1
70ac6f78,1
ac4593ea,1
a07686a2,1
ef7de4b6,1
0bea7ccf,1
22e7aa02,1
f61a9218,1
4639baf5,1
7f8dea0c,1
92eebc28,1
b528c0f1,1
635ad5ad,1
fe0b0af0,1
fc018e38,1
1ad9c4a9,1
1855ae80,1
afcf7df0,1
a12f81cc,1
6276e0a7,1
bf19f580,1
1ce0fae5,1
a3b3e47a,1
cf93906b,1
ba13354b,1
68c7672f,1
d5261ae5,1
1ba1658e,1
a54b42eb,1
845787f0,1
5ce86eb3,1
e41d52f1,1
5873b0c2,1
f130c2fb,1
c067c9d6,1
6b4a6271,1
e879c14e,1
6f5a9f93,1
28e7f08e,1
94e85bb2,1
d3a4b8d8,1
e6af0ec6,1
87b3c888,1
e4710b95,1
26b3856a,1
afa1eff5,1
595a4096,1
1fd10902,1
d3000c29,1
88096acc,1
a8187bd5,1
6a259b9c,1
eac2c9f5,1
7d69e336,1
ad54668a,1
6d93c167,1
6e25a0df,1
fd848ba3,1
e481ec30,1
19cd5db8,1
27b77681,1
c010d449,1
95c29954,1
547afb44,1
34aa7c2f,1
fb44c99a,1
e6a17cda,1
5c0d03f1,1
36210017,1
ceb24ae4,1
c6d3a9c5,1
13e7cb03,1
96fa2c3f,1
f73c8adb,1
1898dd10,1
00e833b0,1
a8763b75,1
5f4e8d7d,1
230f4934,1
481dd0ae,1
bed748ee,1
b571c40b,1
0c26d580,1
cf4adad1,1
d76ccec7,1
8f6f86ac,1
1348be39,1
1bc66eca,1
5f88e6fd,1
ca8eb774,1
78a94a25,1
a92d7726,1
e4380602,1
ce5ec835,1
5d29881f,1
c0ed076d,1
5fa3285f,1
08a27f55,1
ce40a2c7,1
6b20941f,1
28c3d3fc,1
c230715c,1
03b5b829,1
1402ef38,1
691d0d43,1
a68b2040,1
2b5ee46f,1
b08be47c,1
c16e0042,1
24f23882,1
8aee783b,1
a481f4aa,1
3ac81a47,1
ea0d7291,1
f89b15ff,1
0a855036,1
1c7fc81c,1
8425f324,1
6d8b4a83,1
ad73bd1b,1
2b680b33,1
03dcfc6f,1
d4538534,1
f32d5f15,1
106546e0,1
079d5581,1
3dc91693,1
4956bd48,1
1b92096f,1
148815e7,1
7af5507d,1
ed5567ee,1
72b2702f,1
e4d90fe2,1
f88ee8fe,1
c30b5783,1
09e5da39,1
d40939bb,1
1b605f59,1
acd2e1f1,1
b8e0440a,1
547bf594,1
7f52ea74,1
ec55345e,1
efd2de28,1
8f20f476,1
d04a2904,1
adae89b8,1
b467c55b,1
3368a82d,1
b714d126,1
67711184,1
c673e042,1
c36e986f,1
e8b87b05,1
155d6d1b,1
d923e221,1
8525a487,1
0bdf6c40,1
738e6b5e,1
592928cd,1
828d734e,1
082384a6,1
c1c6be9f,1
1e605f4e,1
f58ab8b9,1
8891d219,1
98c19c66,1
377e0fe9,1
f4bafa1d,1
ebd2d39d,1
1bcf1ae8,1
ab3d6660,1
33541429,1
4fc2eb89,1
f3e0c844,1
9ff58b0a,1
ec673552,1
20066ba0,1
241e90c9,1
c07198a5,1
63d5d6eb,1
0cc320d3,1
fa35c0dd,1
7684642e,1
b3c686e9,1
cfa426ec,1
0d23b86f,1
fd9837a0,1
2a5fa81e,1
6da14ad9,1
f106ec72,1
9da77fc1,1
92476d26,1
82ac7411,1
e936cf11,1
2f506d33,1
f33ba15a,1
ff506e19,1
8358ca4d,1
e805396b,1
f0a7d011,1
6a11bda9,1
b976b820,1
92894c61,1
97457e20,1
de0f7043,1
152b61b1,1
5bb053b4,1
8ae42ed0,1
d5d20d56,1
c21fa6b8,1
acf96d0c,1
9630408f,1
5dfcf76f,1
b5d6b6e3,1
52a9bde1,1
ff85e798,1
b4c2035d,1
328b0233,1
90ac2060,1
005c3f98,1
3cc9bf2f,1
b50c0330,1
6a56e208,1
0c98349c,1
354eb619,1
3b7930f5,1
1775c217,1
0224b4e5,1
6362080a,1
1397b1ad,1
64d3b22a,1
994c78d6,1
03585c4d,1
5c16f97f,1
ef50eb77,1
b04a4a69,1
c86d14a1,1
dedd5d24,1
8710c0e4,1
8a8d0026,1
676434b5,1
2f520b31,1
16c9c9fc,1
ca31e705,1
3113d575,1
f66fe6c5,1
bac100bf,1
024d0977,1
c39efbb7,1
b659bc65,1
a3a0c051,1
1621a184,1
4ef9270f,1
8297fc60,1
e7491133,1
43c01214,1
5a5f9705,1
65beece4,1
4eadcb21,1
e345ef3e,1
f9ae2fe3,1
054fdb8a,1
a882959f,1
3ac34656,1
943ffc92,1
d6da6248,1
8560b944,1
3f54d71d,1
47b56727,1
e70d5ddf,1
b51d2fa8,1
13bb2fd8,1
e256954c,1
6885db22,1
317c27bb,1
2f13cc8b,1
cf2a7d7a,1
0eee0faa,1
02b4cef3,1
92db4574,1
67082fdf,1
e3542f90,1
465f8c45,1
f04eca13,1
89d0b17c,1
fc0b90f0,1
8fd7d123,1
6a47d640,1
4d21605d,1
30d1f394,1
a8147f0c,1
a57e865a,1
cd070729,1
e124be5c,1
21443bae,1
1a5e9df9,1
72e0f050,1
6e561db8,1
518562d6,1
958bc4dd,1
fc2dfead,1
138315f8,1
4c75d965,1
b2c46508,1
d6608197,1
ba2ca207,1
28c7a294,1
62b50f83,1
4fa6de7b,1
9cec1bf9,1
94fc9d75,1
00290794,1
4b6c2fb6,1
a8292525,1
d2d672a7,1
7092dfb4,1
5119ba96,1
328ec548,1
6eb97ae4,1
2efab09d,1
d251e05d,1
c4faa0b4,1
9c3d611b,1
a0e40d44,1
3c2ee3e1,1
74f71825,1
e145e7ba,1
8e26aa60,1
2973e7a2,1
e1107993,1
d39c4451,1
00e1983a,1
84078b26,1
0eb956f7,1
1efad293,1
910fb644,1
2ca0f3f0,1
d5def710,1
194797c1,1
b1bae54a,1
1e2f2c32,1
f6c030ac,1
d220ec8a,1
6c6317d3,1
fff61ba4,1
59601efc,1
68ded145,1
61f75b23,1
9c6246fa,1
b4ba02d7,1
f883d3ba,1
a9ef27f8,1
421bcea3,1
71600ea5,1
fc4a67e5,1
60120b0c,1
e5fb4684,1
0695c1f5,1
6ba63167,1
f69c3ddc,1
d39b1c53,1
32213ecb,1
aea8867f,1
966ded5a,1
db9fa01e,1
99dd686e,1
49f1e6cd,1
d9fd3893,1
54423a2a,1
3bd728d3,1
cf388f29,1
1a72b1d7,1
e289f567,1
387712cf,1
0508f110,1
97c1c3b1,1
3f809f25,1
c2b285cf,1
bd8c9076,1
31e81535,1
f926725a,1
d8e6b34f,1
136877d1,1
afbc382a,1
5c8c8032,1
4c1a16ea,1
c0f2e579,1
b4f57c7b,1
115406de,1
48051470,1
1aa0e892,1
2bac19b2,1
4dfdffc8,1
5dadcd04,1
e447ef28,1
73867f40,1
a9dde38f,1
552a0427,1
8731df4c,1
c996865e,1
9b82acc5,1
1e591d92,1
0a3a7ad4,1
8bbf7ee7,1
2f332787,1
4498cffb,1
92cd49fd,1
ea333beb,1
52ba00d4,1
c6a1f932,1
c5d19070,1
974cc0df,1
9f55e914,1
10d5a271,1
ef177ead,1
2f2f1295,1
dcd28113,1
d30ffdee,1
cc1843b0,1
e7707770,1
e85259ba,1
fbad60e8,1
23c5989d,1
95f612f5,1
bdc02bbe,1
579982ae,1
a8c13820,1
38d4d6d0,1
e7316f3e,1
65ac22cf,1
ecca6587,1
ab610f4b,1
83358c9f,1
e9c256e5,1
e97b3d74,1
fae2bc01,1
5fb63cb0,1
d7e71f41,1
5ff6dae0,1
b942c9b4,1
4279d63c,1
41ab7c6f,1
d0d51e53,1
becdd4a2,1
018b259f,1
3a1312db,1
5a74e2e1,1
e4f33885,1
61ef80d7,1
29fca2d6,1
be0f4a4d,1
958105eb,1
d75da5e6,1
d4b8c815,1
17f3129d,1
ea4a603a,1
5a745433,1
28fa7a38,1
ae2ac541,1
5eb0280b,1
0ce1be19,1
ca853e2d,1
edc9762f,1
e9b8978d,1
445a68c8,1
964d296c,1
97f3f193,1
e8d967bb,1
7c9d5c55,1
ea3ba790,1
f8c0830d,1
2e316291,1
0a615b3d,1
63fe1666,1
5aa94f18,1
3a053e07,1
d99e83bf,1
205d5e71,1
d89a276d,1
73cc49d9,1
255d061d,1
c5f30084,1
36eae4ee,1
99aaffbd,1
4a092167,1
ac8b0cd4,1
e3360f3c,1
706065dc,1
f564bd91,1
4f08a4e6,1
0756f408,1
018d87a1,1
10ad5da4,1
09beb696,1
fc388421,1
c1e4c92a,1
0c3c589f,1
227cea48,1
78d78114,1
8da52bcf,1
de11b078,1
644e33e8,1
e12055ff,1
1e71ca3f,1
9cf6e2bb,1
a4c2589e,1
dccc3591,1
41d42f84,1
d03affd3,1
1cba59b5,1
a8cae2ca,1
076f51c9,1
0ed4e079,1
03bdf15f,1
7d21409c,1
39a09ee3,1
dfa457ae,1
fcbc0ecc,1
3be20817,1
2443b528,1
87396ce0,1
6820bb24,1
2853351c,1
7c6ebb64,1
c3242583,1
de498bdd,1
4e832fd3,1
36a351ec,1
b2357b57,1
51017476,1
cd7759a2,1
a2b5b44f,1
2568a43c,1
83480019,1
60ff9b77,1
df27457c,1
5922ada0,1
4a208020,1
065879ea,1
a2eecbdc,1
0fdf2d85,1
59df0784,1
c6744b14,1
e8368cd6,1
baf8cc7e,1
152f779b,1
081bf376,1
a02046c2,1
affb2b13,1
063f557d,1
16ba36a9,1
a82b6f97,1
6273c239,1
b4e33391,1
d609e47b,1
2e10faba,1
c885ac72,1
4abbc702,1
fd528066,1
963ebf5e,1
fceb70de,1
2a00ba78,1
7ae6dab0,1
ce599582,1
f580acc7,1
a2a8daed,1
e0d193f7,1
344bb438,1
b870797e,1
2e239480,1
21a20cd6,1
a606576b,1
ab057b4a,1
8e5d9f32,1
215b309d,1
58f10ede,1
eab3ab05,1
8eea5b7b,1
c559afd0,1
3a5fc9bd,1
36c39aa8,1
ade26033,1
1c46db8c,1
d88a06b2,1
ab4dec18,1
29be0891,1
adfa1a72,1
2da3254e,1
91b3b139,1
3facbf8f,1
19900995,1
5e425a28,1
25ccdb57,1
a9a328db,1
01157096,1
d42e0021,1
0aa56bf0,1
2fe1427a,1
3da1414a,1
38a38581,1
24d4ecdc,1
1c26b47e,1
339f7663,1
352fbfbd,1
4f8eda1a,1
af96cc56,1
552819dd,1
136171b4,1
298cf22f,1
b7c1f5a0,1
e6d544a3,1
b7e8cd88,1
97790a36,1
cf5e4ae1,1
791a3859,1
171b84b0,1
d235937f,1
afa83ee5,1
fa56e7be,1
fcfa75df,1
bf75b6a3,1
cd3fcea8,1
d5fa2848,1
70b61659,1
9f8acee2,1
cb1aedd2,1
2f2840f9,1
6b20362c,1
68eef1e4,1
b2b48e3b,1
803986da,1
33f13e3a,1
ff65c4a4,1
21ca6244,1
8434943e,1
38d683e5,1
e3ec0e24,1
cb747aa8,1
bef26150,1
343f0dfd,1
5d667cd2,1
9e16949a,1
1d70f461,1
6bd6158d,1
ad0c4648,1
a2e822b3,1
66105f88,1
b6727cf5,1
41415f92,1
c48067b8,1
2a46f9f3,1
58114650,1
65da7d7f,1
3942c10e,1
04267695,1
be08dfcc,1
f65795f7,1
05baa1e9,1
c807e873,1
251e805e,1
4beb9723,1
115b37ec,1
2126ce86,1
da4e1691,1
6d209ff3,1
ecb23998,1
0073b9ca,1
5d610bcd,1
494051fb,1
3577eb22,1
a3a613bb,1
0499a7fc,1
c0fac865,1
161b37a5,1
7080c62d,1
b840444f,1
a63bc954,1
6ad57f26,1
8342c383,1
f59345e8,1
f5f9fbdd,1
00d9b7ad,1
7c62e3b9,1
043282dc,1
c7b4b8b9,1
66c21b7e,1
6f2e25a0,1
1e7ea2ff,1
b8add5cc,1
07baca91,1
b76aa277,1
91cef650,1
16b7f6a5,1
673da716,1
fe25cc78,1
954f269c,1
3e1594e6,1
5f6ff7c3,1
ee1bea55,1
0341a4db,1
aa8ac2df,1
d3cdbe88,1
6c7179c0,1
4632e03c,1
2befd532,1
151e45ac,1
1164aebc,1
4c18c4b6,1
68a6faa7,1
449b63ba,1
88d7cb22,1
01f9671f,1
19ca9041,1
04ef791a,1
528b0256,1
2aa2cc1b,1
fe8312ff,1
e88b958d,1
06f68d1b,1
46636393,1
f7199a08,1
09752754,1
1646bf8c,1
35862f3b,1
c6febbbc,1
451009c9,1
ce40e968,1
c1b9098e,1
9eb6225e,1
dabdd901,1
d0a58803,1
67af5cf8,1
d4378ca1,1
7c2241e5,1
9f07aaa2,1
13655cd8,1
b5b25fee,1
16a90eff,1
687f3dc3,1
4b778808,1
c8e88fb8,1
0cbae78c,1
07f6b527,1
66e1d6c9,1
3f4fb575,1
b06f6645,1
fc7c5232,1
cba669e3,1
be030ddf,1
99272c8e,1
079a5c50,1
8e7cc9bf,1
490a3e88,1
fd331d3f,1
ac15b49b,1
2d3021d5,1
104da293,1
3fd65ba1,1
cc441e3b,1
a4b6cbe8,1
a2186944,1
a1a31d00,1
13460655,1
d2883121,1
ff27b2cb,1
093c24f8,1
cc1de3c7,1
ce897b46,1
d41b76dc,1
216d9be3,1
85173429,1
76d502a1,1
60164a96,1
3b352e0b,1
6973d65b,1
94f62ec0,1
9f16605e,1
87d85c0d,1
7a6617f8,1
d2412752,1
4800fb7b,1
a955e7a1,1
6676f82f,1
5b3fb5ec,1
04962003,1
9cd6add3,1
723591ee,1
c255b8d3,1
25b3f045,1
ba876cfc,1
f1f9e49d,1
38c00a34,1
6b799eea,1
0fd39f29,1
d4948dc1,1
3507454a,1
171e3e04,1
c89de420,1
7be43a29,1
b4058d42,1
33a5db31,1
2b8d4f01,1
391b0d2d,1
98276ecf,1
3769941a,1
2c60c225,1
21a42d33,1
35437c18,1
5af2474e,1
1bcf9c05,1
73a9292b,1
fd3d02a2,1
60d74cec,1
2d92f8ca,1
7a02e56e,1
8f91326e,1
3a99c175,1
15b51c84,1
485b0c58,1
39f11e4d,1
7c7ff011,1
4df6797c,1
48bc99ef,1
65b4ebd1,1
41b34f71,1
d32c513c,1
876220a1,1
c166d4f9,1
7e01af90,1
bdb2d211,1
6d7d4156,1
442f999a,1
bf9c01d3,1
256b8c5e,1
98b6922c,1
b8484b21,1
44befa63,1
4622a7ec,1
8b289987,1
3eb6d6b7,1
1a85fd9b,1
552f1211,1
ba16e0ea,1
215ccf19,1
4ef4868f,1
04edb421,1
661e7afa,1
a469f365,1
5d3420d5,1
7370285a,1
5c8d1aff,1
4c83bfc4,1
ddb57275,1
78cfc5a0,1
416eb677,1
3b948c5f,1
b60d1693,1
7a210b9f,1
aa4d0a01,1
fdda24d6,1
9dae91a5,1
37214107,1
13cec021,1
d1f2a055,1
3f2839cc,1
5d0fcb8a,1
faf12b63,1
3ceb9109,1
1520e8c5,1
7841a0b6,1
d86101e8,1
92d6e387,1
cd723807,1
1c1d4c50,1
bdfe6b1c,1
3ffe0159,1
931d4041,1
a33c929b,1
59230054,1
d923424f,1
874ad253,1
714f83bb,1
9dcf657e,1
f5e952b0,1
5ae9fb34,1
57aad25c,1
bb65d35a,1
209ecee7,1
5d28b1a9,1
646ff3ab,1
99c82f6f,1
f2b331e5,1
d0f093fc,1
dc76b383,1
b15f51ac,1
0efedea1,1
5fa26274,1
09ee4f0b,1
91be92bf,1
0516fc22,1
dba91a49,1
a04710b4,1
60771f71,1
c9af0aec,1
731cf1f3,1
32929497,1
e63e86c6,1
4b23922b,1
4a010ac9,1
bc88f7ee,1
b4614d84,1
ae835b3f,1
7a676dc0,1
37488694,1
b6916a9f,1
31f4b686,1
68eb3cff,1
9eaf02ce,1
0528fab4,1
8962cd6f,1
22bf4d51,1
d62534b1,1
87742b58,1
266c0ea8,1
6f7789ad,1
84515c30,1
64abc963,1
dead9de7,1
b2dee787,1
fd5934c9,1
0ed4a051,1
8a6486ed,1
e2403293,1
6bc80238,1
bb8d3cfd,1
f62689a4,1
d4cdb87e,1
18744af1,1
166e57c3,1
08ad1130,1
3c113646,1
975e4e19,1
3e828d3d,1
59fa8faf,1
8167dc1c,1
6decc096,1
bbc32440,1
9e01c486,1
ec9678e6,1
f2564be0,1
7df111f8,1
ff0a1397,1
cb8197af,1
0358ecbc,1
2a80995c,1
b60bcef4,1
9c475ddf,1
f7591ced,1
22d3e76b,1
69cbf007,1
e07ccfb7,1
b3af649d,1
fc8c4ba3,1
f261b41c,1
5103bf6d,1
017ed2d9,1
3fd452bb,1
bae19cbf,1
cfa77cb6,1
d6b92af0,1
cb5982c3,1
82ec3ddc,1
ca05e06e,1
3f234573,1
c0a4b87c,1
e999b8e7,1
b3cf76ac,1
9ddc66e5,1
f9eb7b00,1
592749cd,1
0c82fb88,1
422b97d9,1
c0f6ea27,1
4a662966,1
d32aecda,1
2efe38b8,1
d3951c00,1
f166df0c,1
8abe233e,1
e70267d4,1
ad097562,1
c647470b,1
7e0c53a1,1
f3240c8e,1
8efa0cc5,1
2bdb816a,1
467a4ea9,1
59fd9596,1
a84e7cf2,1
b87aa9f9,1
034c3954,1
5985b196,1
33a2ebde,1
702003cc,1
9fab79a9,1
af31c3b6,1
c0120ed2,1
e3b4fb26,1
73421f19,1
cda94380,1
045dc18b,1
1fd35297,1
cc490e6c,1
89cb2718,1
1701a788,1
6e1b8a60,1
1821f0ea,1
a3f7ea42,1
01fe5ddb,1
9058b86f,1
4bcdbef9,1
3cc7c31f,1
d3cc7b06,1
39104bcc,1
ae2cf1b0,1
2e655d21,1
eb12566c,1
ff84b69e,1
e805716a,1
2186997f,1
8a211fb0,1
41aa1eeb,1
e6e01541,1
8d35fea6,1
559014bc,1
9df45056,1
10f0c00d,1
1afc9f1b,1
aa3665b3,1
d1820b09,1
ff58f6f9,1
fd79ca5f,1
c626dad1,1
ff4503ed,1
2526e0fb,1
d7f3c74a,1
80447975,1
cb33e4ab,1
99e6f4ab,1
6e354081,1
63d2e3a7,1
e390a7df,1
d601b406,1
475cadb5,1
4070b173,1
af0af82d,1
286d6fb8,1
62d6c011,1
0b397f87,1
7465f4a0,1
8d28effc,1
da29088a,1
d9eb766a,1
cea692d6,1
d4a3bfc0,1
7cff4b24,1
4f73cf29,1
6974d9b1,1
a5e255d0,1
14d59766,1
3e3ae1af,1
ef40a4f7,1
6523d6e9,1
15802e39,1
78c7c0af,1
0c07f0db,1
d171bec4,1
d14951e8,1
3f8b0f9e,1
c94f987f,1
a21ab257,1
0bf5d0f4,1
56bac634,1
18bb22a3,1
059f9bce,1
42a42d80,1
20a17adf,1
20e5cf62,1
bc3eb78b,1
34ba5f7e,1
017c2024,1
29b4859d,1
3075442d,1
885b31b8,1
8b041817,1
62f94a0b,1
ad3bc9ef,1
645e6467,1
70891091,1
0148f128,1
a4cf6a53,1
e1eb46e7,1
cfc1bc96,1
7531b884,1
00c8680b,1
3232e8fb,1
304df53d,1
154e787a,1
401ac389,1
60c41505,1
a510c268,1
908eb1a4,1
4ccd8c43,1
0df1a830,1
b2cf08f3,1
83607181,1
d85fd09a,1
6c7cef58,1
dae649a5,1
2a66d901,1
d4cf1f7c,1
7c9b2242,1
717f82f1,1
b10393a9,1
6c8762fc,1
423babdc,1
65e9d953,1
71b3381f,1
08f3e95b,1
627bc9a6,1
aa1ccf27,1
0d332399,1
ce1d1f53,1
c02ce5e8,1
dc9193c7,1
d770d2f9,1
ad5b5402,1
4bb8bec2,1
60c6133b,1
e80f6016,1
a3f9567b,1
060abe04,1
34fb3054,1
574850c6,1
9a47f45b,1
9f727b43,1
dcca75c0,1
cf749b0b,1
df34a8f5,1
3520dc68,1
17349e91,1
726a7e24,1
a24e7ee1,1
48f57e29,1
dfada76f,1
c896d184,1
8814cb3b,1
f2a98bdb,1
bc518083,1
1cbe47dc,1
52a5cea8,1
6d06862b,1
d807e205,1
29cf2065,1
3a83c3da,1
299f2828,1
e0613e33,1
60f9428a,1
f2f1abbd,1
533eb7fc,1
a9ba1744,1
c552b27b,1
5c262a09,1
f43376a8,1
c6b67449,1
a5a12304,1
a9a50e27,1
a1e779d9,1
7274e07a,1
fa40ef1c,1
cea69505,1
5c0167b3,1
399a32db,1
2469bc32,1
8f154f56,1
cd2d19d5,1
2efcee00,1
59c4d0a3,1
c959c695,1
4ba2f38e,1
31bb88d1,1
7d64a5f3,1
ed5702e0,1
966b89b3,1
1b075a2b,1
eaeb580a,1
f6a03362,1
09d2ae02,1
a53a779a,1
838f7012,1
f8524ba6,1
19e77d14,1
81b54908,1
8de2b319,1
71e1898f,1
ef9a9d7c,1
d684a78b,1
b8187361,1
f142dac5,1
72ca5e31,1
69212430,1
04032afb,1
0150752d,1
6f531cf6,1
51041f94,1
bb2b64dd,1
b435b143,1
6401107f,1
66e51b9b,1
7cbb5ca5,1
9b17d7ac,1
8f5448b0,1
82add54e,1
3d35620b,1
4005bc93,1
f09e886a,1
02b1d88d,1
e67f8dcb,1
4cc3dcf9,1
e90f65b5,1
351773e8,1
87f75797,1
99bd4f47,1
06cd6997,1
689c561b,1
17fd856d,1
8cd8e28a,1
82dc8223,1
b5e84688,1
b5353313,1
91731a90,1
5a3c9800,1
eef44c0a,1
c03083da,1
4eb63fcf,1
d35b5068,1
ec710d49,1
27e38d40,1
e9210d7d,1
35af1d8d,1
5cf44346,1
a83fdc14,1
41c6391c,1
14bda066,1
8552ee69,1
37fd87d5,1
47d95309,1
e0c89c5e,1
3c375216,1
f29eca3c,1
7dfa82dd,1
8dbc5672,1
fbab2264,1
59f7b2af,1
eedeff2d,1
01a7b381,1
706d4ab8,1
a15a3cf0,1
1ab13e7f,1
6eaed650,1
8d9d8453,1
0c75b80a,1
597f2da6,1
6569af16,1
4bb4ca7f,1
f924a5a2,1
652f8f81,1
4d7d884e,1
d6257d05,1
f6861920,1
ed3ef308,1
eb9d3233,1
8da49059,1
a6bc8d86,1
9f2a2df4,1
38dfd621,1
d1b12785,1
a1ce505f,1
0653d384,1
13b66e29,1
ee15749f,1
74a3585b,1
04fbdeff,1
644243f9,1
5aca6b62,1
e74de5c6,1
c79d05ff,1
6ed314da,1
f94c5300,1
8b95e4e4,1
e3650edc,1
62b4321e,1
564aadb2,1
af098502,1
1a2e31bf,1
1be4fdca,1
efd0ae97,1
3a43a29e,1
90f75c0c,1
132e8dac,1
46ae08e3,1
de784b73,1
d0afb094,1
1c6c2bfb,1
bea97936,1
02081012,1
53913b6c,1
2b6cf755,1
3533ac64,1
bca7efa4,1
093892df,1
0668444e,1
fcde41aa,1
23639632,1
03bd6131,1
2aa07ae6,1
c288c904,1
6fd76d6d,1
61dee089,1
b5144c3f,1
6e6abee0,1
d4fcac4f,1
5f1ba513,1
ba389920,1
3b6ee0c9,1
73739a9c,1
f2f6efde,1
f49ee848,1
87cbb46c,1
31c80554,1
9bd6c085,1
4448a5ea,1
fa64484e,1
63b66f35,1
42616e38,1
baa0d95f,1
fb47905c,1
44b97002,1
ef58024c,1
3933aeb7,1
a3d823f8,1
06357f7b,1
54c14a7a,1
1c94b102,1
322c728e,1
65b21889,1
6eba8ce1,1
8212ab4a,1
9b50f395,1
616f0c17,1
d4819964,1
f907f9df,1
a6f15bec,1
3c03066f,1
0d1404dd,1
d654ffa1,1
7f6bdc97,1
f7ee752a,1
193fd7e0,1
c155181c,1
492882c7,1
0a87dfb1,1
1d814f61,1
4614e204,1
7b0518a1,1
1856b202,1
e1e502e6,1
bcd7776b,1
d242680f,1
51be3662,1
caa7fd35,1
7dae3688,1
6d3ac200,1
91a95753,1
0160e1f8,1
23a31056,1
47c9ea56,1
52f3cd75,1
0dae5d1e,1
c5311b11,1
2f774c9c,1
f0ee4b5b,1
41d101bc,1
c6cd57d8,1
1a985243,1
f21fa626,1
66703a4e,1
a3ae6c47,1
91ccb944,1
e6b6ffa9,1
db5f6849,1
13dd8f8e,1
db5a824e,1
99198302,1
999c0bf0,1
317389d8,1
f9dabd81,1
b51bdca3,1
f3dc1f9d,1
48d9b688,1
f29ec592,1
fdc7061c,1
c0e76329,1
3fcd611d,1
b8e95ac2,1
d550096e,1
02248c28,1
4a2152bf,1
c5c95045,1
dba1e2b3,1
42954285,1
e12edaac,1
34c1c5e9,1
cf5fd807,1
1ee0a22b,1
726e5660,1
5e17593e,1
e609e006,1
6e851cda,1
97353920,1
7fbdd97c,1
5d071bef,1
af4c4bf7,1
65bad643,1
9b65fea6,1
1e7dd280,1
3212a0d6,1
feed3bff,1
ac99a537,1
6454c0be,1
ccafa463,1
e70df382,1
19c74d0c,1
db67a3bd,1
e3f1ee43,1
e433d44b,1
e8565282,1
db4003a6,1
009a66ac,1
ba0b4e54,1
3b537163,1
7efe785d,1
a366c250,1
18cb6deb,1
908d4b4a,1
fd073400,1
e1f9a283,1
57b6fa17,1
70a89bee,1
7323c7cb,1
36237be9,1
fa77579a,1
80320586,1
09cf61d2,1
e364ec78,1
950f6147,1
96d4a9a9,1
5b54f41c,1
f335a874,1
ea1b7b57,1
9b037bca,1
8503d4b8,1
dce37432,1
c624445a,1
0abafeec,1
115f5f98,1
7fb13d42,1
8fd0459d,1
6926b485,1
07034d19,1
97bae552,1
3f9f095f,1
a953e7f8,1
d1487104,1
7cee72bb,1
92d6ca46,1
7becd852,1
a3961e0e,1
8b3a2fd9,1
ee168a4b,1
60bf3446,1
3be5fcdc,1
db90f17e,1
05b57463,1
f4a1fd09,1
21928566,1
9b27cd5f,1
4283b6aa,1
c935ec97,1
c166d135,1
d84abfc8,1
a17efb5d,1
fac51b84,1
257a35de,1
c6983817,1
ef147d0c,1
d9fc3117,1
9221800a,1
e1c88336,1
95eac5ea,1
ed066c9e,1
1db86b64,1
fb75f1b6,1
7b75945c,1
c8a8c314,1
95a685c6,1
51a3f0ee,1
61bf1677,1
e290ea5a,1
b41831d6,1
397de1d8,1
4d2f12dc,1
5b0d17ca,1
43f10aef,1
72cef5e7,1
e57590dc,1
de62cf41,1
08326e31,1
6783505d,1
769e24ec,1
ead2ed0a,1
855225d9,1
58d2c185,1
259b4bb0,1
323444d0,1
3980aa46,1
fc82a934,1
eb4d461d,1
b5556e85,1
9566c6a0,1
1f1163e7,1
ca570953,1
d9fcf677,1
b6fcde39,1
5f54a9ac,1
6c4c9440,1
7d6fcd7f,1
5c2c8436,1
07628ef3,1
27a465e0,1
5dbf3816,1
10043041,1
ad107b0f,1
86ecb11b,1
5809a9f1,1
da6db073,1
c367fcb6,1
7ac308d5,1
94cf9b01,1
ef4b188e,1
3cc7e27e,1
0c74add8,1
555fdfb8,1
d1d6d0e9,1
87b1a2d1,1
6cac0229,1
44a77ea7,1
c8b8f854,1
9d2cb808,1
616473e6,1
f12a25c1,1
c18ef5bb,1
9dbff17b,1
46968758,1
1534744e,1
c2cd2b25,1
c2885132,1
3c2e0eb7,1
34ab58a6,1
5f1f1e87,1
690de490,1
f6b7ba84,1
6fd998ed,1
4012c6d2,1
d14e51c6,1
fcbc2e10,1
d4417e13,1
0ddcddb1,1
88bf91f9,1
3add6e06,1
c8f6f43b,1
0623df72,1
d26fec2f,1
7d11fe3d,1
20d1fa2f,1
1c24b08d,1
1df79dc6,1
72159f26,1
675cc171,1
15587fd3,1
dd76eb55,1
485133bc,1
8c330cfb,1
af434fbf,1
c5174dbb,1
db18fb31,1
cb623346,1
a652d604,1
2a68a460,1
59a58c01,1
e989b23c,1
b727ccc3,1
28ba81c5,1
34411fa1,1
a53eceb0,1
a43d9dfa,1
762c6f92,1
8bc8bb06,1
e6784dbf,1
d629be7a,1
e1b324ce,1
3c16ab1f,1
508ddb88,1
9f232fe7,1
95c9d5b8,1
92b826bf,1
b4e92cbc,1
b34dde88,1
7a36870d,1
28bd5754,1
32aeb3f9,1
2ef5feb5,1
a35a09d7,1
4b5f9bc9,1
16719ed7,1
54d4984e,1
b12f5a90,1
7a48536a,1
ab175205,1
6bc55d97,1
7eda1420,1
4e96b81c,1
e9dc7604,1
cd74ac7e,1
5b7644be,1
8531ae5c,1
8ded3247,1
4d9dee44,1
81c247f9,1
935d0b8c,1
eaca872f,1
ee38ffb8,1
eaad0375,1
8d587b1f,1
e183f0ef,1
28ba0fba,1
c8a2b32f,1
ae417edc,1
2299b5eb,1
a458e9a9,1
6e009fdc,1
83fed285,1
648baf3a,1
fffc5598,1
081232c8,1
8a02a46f,1
a3c18739,1
1c4a17a3,1
7c2ae992,1
e28d3512,1
b4e7a8b4,1
ef68ec28,1
261b4330,1
e0fa3f43,1
e2750e5f,1
358ec135,1
90688a36,1
e3a99a61,1
0cedd64b,1
dc958343,1
0e9d42d2,1
11e9fd00,1
2b8757a3,1
1f0f493e,1
77a4fa2b,1
5bfa0888,1
1beea3b2,1
420f3a3d,1
3a31aa45,1
9252bc07,1
c87dd95b,1
be10bc43,1
1a4420a6,1
ecee14d8,1
172e3725,1
a2870b3c,1
a8840962,1
8140b628,1
514974c5,1
360bcd86,1
117fba72,1
30b6f7b5,1
7f6fe97f,1
e3049687,1
706c5741,1
273c17a1,1
1ef4a3df,1
9a23bfe9,1
93a4fc9d,1
6937d580,1
dc0c6cdd,1
b38097bf,1
5adba1b3,1
52beb118,1
44d653fe,1
20752c4e,1
9564b421,1
528c0fd8,1
5538f8c1,1
b29a5a0a,1
2ee96ba6,1
355e3e29,1
2fcf11dc,1
ec7f644f,1
b6c53b68,1
7c5ad0f9,1
1add835e,1
cedb596c,1
6dda92f5,1
6296c154,1
cd5eabdd,1
46465ebd,1
5638d594,1
1bfadcff,1
9ab6cc96,1
40be51ca,1
597f0a3d,1
91f53036,1
b6e1365c,1
7bf14e8b,1
90dcc943,1
eb640f05,1
74508673,1
1cc9dfe7,1
2dbddbad,1
ccd40716,1
c47cf55b,1
f929c1bd,1
aad12619,1
8e67f5d8,1
0b8db8b9,1
cfc38432,1
fe055a12,1
9341492f,1
6b67e4a3,1
ae9c2ceb,1
d44e8074,1
84a4a8da,1
ffbf8c60,1
2fd1daeb,1
1219205a,1
27dd2dbd,1
cfcb650e,1
62fb72fb,1
1b1c0611,1
e0cb7375,1
9cb63a78,1
bda1ea75,1
711a771c,1
94945c3b,1
c89a02df,1
d67f371c,1
234a76a0,1
a7abace7,1
f2f3da2a,1
b658398d,1
cdb8b05b,1
ad5cddac,1
c4ca26d8,1
c4dab3eb,1
2f36bc5d,1
2a8f17b7,1
52f8bbef,1
a76e1048,1
d3f88562,1
fefb3d3b,1
f6d27796,1
37020a99,1
d58b62e0,1
c2592e72,1
7a7c7beb,1
c88052b6,1
1bf23d34,1
cc97e23b,1
3f39e487,1
f8c30ef2,1
2211cd13,1
3ef40c14,1
a769c781,1
6a46b7f9,1
1d3bacd5,1
5cbfae33,1
d6409876,1
d9661438,1
18ff9834,1
9c0b71fc,1
5bf71cd5,1
c468e53a,1
ea5b3edd,1
70934c9b,1
1144e762,1
4eb2eb2b,1
be71fe43,1
a85a929e,1
a13d96d6,1
4114ed0f,1
6b69eb97,1
fe46c5ac,1
ba3ec38d,1
d67fc163,1
e0935269,1
75578235,1
172dbc5d,1
dd367316,1
47b9445c,1
b5365d32,1
19aaf19a,1
5b692b04,1
9b1afae2,1
7a3137f2,1
67af4e04,1
27b40777,1
7bfe3979,1
34019592,1
07798246,1
75860c1e,1
dd44c531,1
121481ea,1
faae194c,1
48531184,1
33ab76e0,1
233d954d,1
86d52153,1
5a7b27ff,1
b5298d0e,1
def2a7df,1
73a023cd,1
a62d5908,1
dfb39336,1
5511e9da,1
bea3f9f2,1
099b23a2,1
2e6894b2,1
b45697dd,1
6352ceb3,1
1a858c44,1
53350a50,1
78bba2cd,1
91d70079,1
86d65bbc,1
37a74190,1
4ed38fe5,1
a901fb89,1
5b1b0ac8,1
27920a13,1
e43420be,1
df9dfcd2,1
e34bfd41,1
1036113e,1
a32fd601,1
c390f561,1
81df72b9,1
39449994,1
63931b7e,1
a0e1a593,1
ae1ee7a3,1
a1b7d8e0,1
594fbb78,1
29bf6ec7,1
eae94bcc,1
d13ed5b3,1
94c4e1a3,1
c3f09c6b,1
c3a3fc05,1
7ac2862d,1
57bfd6bf,1
d4289f28,1
447268fa,1
0ab90f6e,1
0ed6b06a,1
7c8c0a80,1
af4cf20a,1
b4857656,1
877f9643,1
f4a53887,1
f762bc2d,1
9a8ff294,1
69a6c219,1
9aa2a339,1
5ed95bc6,1
3f1c2f2d,1
2bd6f66e,1
1f533d29,1
1b05dfeb,1
03bb6f9e,1
6c6dab44,1
f1d938e7,1
11a6a120,1
e5fce1ea,1
c9aaef70,1
8a7aaa63,1
3720d83f,1
0d461bf2,1
bcc94a63,1
6d5e3bb4,1
3a5a98d2,1
503af450,1
daedeff9,1
28c66e33,1
a426d337,1
b2a5ac9e,1
3643c0f8,1
dab12bc2,1
af2717a2,1
aa6bb885,1
f2781453,1
b4f57f7b,1
6bc4ae98,1
d0370721,1
b1bcabac,1
0b325e50,1
63d03947,1
3494f5be,1
7800cbd5,1
d16e69ed,1
eda902db,1
b073eb97,1
468f4d37,1
bfeed8b0,1
f3809916,1
171457bc,1
1a533a6d,1
5240887f,1
2dcd5bf0,1
1fc165a4,1
58cc02b1,1
4d472043,1
82d3727f,1
36430d90,1
7e40983d,1
28f03241,1
a5de3218,1
e6777f86,1
7bd21d67,1
cc8913a7,1
51b28ce7,1
636f82ee,1
82843f6e,1
06f41fdd,1
69f07aaa,1
035c5a14,1
b4f37e5f,1
3f942476,1
82dcf5c1,1
f42ba8e9,1
a727a9d5,1
b4c95f5f,1
ee26c751,1
d3ee1c3f,1
99efa6c7,1
1b4e00da,1
d7af6248,1
c7267b23,1
22ff5522,1
2c6db764,1
b4242f68,1
138cf358,1
229f482a,1
add13321,1
c14a0792,1
41285071,1
76aca66b,1
3ecc51b3,1
aa31e0ac,1
4dd418ee,1
1fb2ca72,1
8e68ee53,1
d664f0bd,1
72e6e159,1
114741cc,1
f90b8016,1
8ab9c1cd,1
6d13453e,1
dad32b4e,1
68417c05,1
b9f63eb0,1
9d1874cd,1
9d64ddb9,1
c79af967,1
959aa284,1
5568fdeb,1
77907a84,1
7796f549,1
f8c62d4d,1
7fd20fba,1
81dfe8a5,1
8ae7ad8d,1
3d61d301,1
29728307,1
73bfa084,1
34163de5,1
a9822ba5,1
b7121f57,1
2c31c944,1
823be119,1
51039572,1
607c2e4d,1
4067d30d,1
ab9de761,1
550fab65,1
cde0336e,1
b3554802,1
17e385ec,1
2076d819,1
12133ebd,1
28a279c3,1
002f7bbf,1
6a0b0c1c,1
9430087c,1
fc3ff4d4,1
951c4fd9,1
cc0180ec,1
5eb80255,1
43caa94d,1
298aa3dd,1
aac31350,1
dddf5f83,1
c2cf452a,1
511bf156,1
5b53dd2e,1
4c12591a,1
fffaad50,1
a6a36449,1
130fd6ce,1
031a8819,1
e6d2d7e9,1
baa42eba,1
a37dd782,1
9f1dc1e0,1
032cceff,1
8b146897,1
a425fb92,1
73710861,1
f227a93b,1
9994e748,1
ae29238b,1
fa9ffb8f,1
e364b07a,1
62359fe9,1
da3919b6,1
b2b8ffae,1
204a7df4,1
7cfa6876,1
0b62ed8d,1
34566ef2,1
6cc4c601,1
026f2e57,1
b0497af5,1
4f8c5565,1
786f5574,1
47350f56,1
c6608ed2,1
e36f11af,1
21d50274,1
91c6e5fe,1
fad1afe4,1
cb7dbbc4,1
f5ae0f69,1
691482cd,1
0185a372,1
efa66a33,1
b4e21577,1
fe64f5d5,1
84595cb8,1
bca783c3,1
cc7708ee,1
9d6bb2b0,1
44e2c18a,1
b5704b71,1
de6a4639,1
99a7c49e,1
ebdf6e8d,1
761e4389,1
6737c151,1
fd7bda85,1
5acc5834,1
4e1e5679,1
fa7b1397,1
c6ee0bd8,1
dafa2e35,1
29ddf278,1
260ac9c7,1
27361a67,1
7c808d74,1
53812eed,1
b6db182d,1
2c758d43,1
6706c512,1
30eaa78d,1
b6e28178,1
0f97193b,1
3c9cd546,1
0071aa4c,1
03c17821,1
aac1ff6b,1
4349b65c,1
021e5310,1
bb858025,1
c1097cd7,1
7efef5f6,1
831cb568,1
27f3bd0a,1
dc41c9f5,1
4cdddbf0,1
b63d2486,1
87e2ed0a,1
aa8e1bbb,1
08067ba3,1
5abd3453,1
6b827d80,1
a644dba0,1
5a11c268,1
9e437cf9,1
30e5915d,1
940aee05,1
bab608df,1
e5ab3104,1
e768dfce,1
f2c76968,1
36d51754,1
817a5a48,1
43f18ced,1
68427593,1
4dd12732,1
772fe841,1
15dffcc0,1
77465edf,1
742ce630,1
260626ad,1
c2e8d8b5,1
7deb5a2d,1
7e47f796,1
69bd185b,1
b5be44a2,1
400e1881,1
61aa5e04,1
3773d966,1
4b2d55b3,1
74b3a1f7,1
7de7a629,1
4454cdc8,1
9e4e26d8,1
cd9e6106,1
b3f819a6,1
d30ea2c2,1
e927dcd9,1
4b95910a,1
4e2df015,1
da90889e,1
7df71739,1
55bb01f7,1
2b7a1488,1
41bd557d,1
2a1bfd25,1
276a93d5,1
f2c69e4e,1
1950e045,1
5e45c1dd,1
0fd6f9a3,1
ece52eb1,1
b9b41006,1
6732a824,1
dc5137b3,1
63f9a5da,1
9f5f0e8a,1
04638013,1
ab1db22a,1
da36211d,1
74ba0d0f,1
9a24a2b7,1
65eb4ea1,1
6b82333d,1
4d3c024b,1
d69f3742,1
aefc023e,1
7c5d95b7,1
101b10ba,1
ab8b7a27,1
44a18876,1
a2b0ba05,1
c1d08ea7,1
bd673bda,1
136f97aa,1
f3a447a9,1
3a6cd396,1
88078546,1
6486aa68,1
c364a873,1
343721e5,1
3f6e186c,1
e9b3e291,1
55a98b74,1
70d4ddda,1
38eef04c,1
891c9624,1
cba7529a,1
a6324ee2,1
6e4ba68f,1
3926a1f1,1
5127c580,1
e1f09102,1
155e6566,1
e4d7dce3,1
f1d45bc5,1
147884c7,1
f15ec4d6,1
fcb11e8a,1
34980a38,1
379210a7,1
214c6967,1
4f0798a9,1
4dfe2f21,1
52823f6c,1
3d656cc1,1
f3e44b5d,1
9bb5266b,1
e87c4b83,1
051c1eb8,1
7f592c53,1
703208a2,1
1810a7dc,1
dce915e7,1
760221ce,1
f28ed1f6,1
572654ef,1
5a9f9e65,1
0a498b78,1
a69c7e92,1
e710aefb,1
7344cb9d,1
a4b5b51b,1
771e12ce,1
e54bc72e,1
2b021a6c,1
faa8e263,1
3270f8b6,1
b7cef15e,1
4315f67e,1
8b2426b9,1
1bdfa6b7,1
da7e1be8,1
c48ac11f,1
15383797,1
9f6c4220,1
609b8031,1
bb03baa8,1
be8e5b0a,1
b3a0bbf9,1
d3a6b594,1
16437273,1
c048f8bc,1
ec25a294,1
b617477b,1
45bf301a,1
faaadc09,1
41ca8955,1
b78082ee,1
430e3bf3,1
44b4234e,1
52f79002,1
366f9a86,1
ddeb5360,1
2dc55d5c,1
38fc941d,1
710aff4d,1
667852c1,1
a20c9133,1
9b16347a,1
38a8939b,1
84a14210,1
89b7c175,1
073b6bbb,1
d3171567,1
a0205595,1
00e96048,1
fb25dbf7,1
df54b4e8,1
be036551,1
43c2e04d,1
2a11953d,1
1ffb3836,1
190fe83e,1
078977e9,1
8d8f8b14,1
5e0fbf5b,1
4e9a7b90,1
ab220130,1
2bb7a941,1
72492bf0,1
60b4a768,1
49c83db2,1
ed753202,1
025c8b14,1
849f3401,1
f41f3e5b,1
6cb4631e,1
43ce504e,1
9fa211e2,1
ae291f6b,1
dd8b5a61,1
638e21ff,1
50aea3c5,1
17ecd0ee,1
3195ff47,1
9e8b2d4f,1
1b9cc77e,1
53a5732f,1
fd8d4d36,1
3d61aba7,1
48d9e940,1
d59c38fd,1
4c0a3ad7,1
be28a8fb,1
a6b2ac68,1
fe14860c,1
2ad935f5,1
f566829f,1
a96709db,1
41210c31,1
e6ff0f38,1
f422516c,1
d094d67f,1
5199df81,1
18ab602b,1
f60f2c9d,1
cfb5a88f,1
91e48e0a,1
24a30e8d,1
54c761ab,1
777c74d9,1
c4e98541,1
5309c4f5,1
226c4775,1
d1f00c24,1
d4232c90,1
31e0b3ec,1
92c7856b,1
619b40db,1
e37a9768,1
55fe088f,1
286b7271,1
83d83943,1
237cfaf4,1
3ec32536,1
62b731a8,1
e668f6d3,1
566e6ae8,1
07f73349,1
cf71e8f1,1
0e100bb1,1
48d7c878,1
4079a4e1,1
4d658956,1
9339a68c,1
649dd2bd,1
92032473,1
a28635b9,1
de65fe3b,1
e3c53623,1
3590e646,1
37e87c34,1
817f5e17,1
5a703b52,1
acd9e1e5,1
d27e738b,1
a24f2fc6,1
cfa45f52,1
c6dcfeec,1
353f8203,1
629170d4,1
aedf0a7d,1
bb75adb4,1
423a0573,1
fd4d1d71,1
beb7826a,1
781c9662,1
9cf9c5b4,1
b2c9dd69,1
82706db3,1
3c4deb6a,1
76edd86d,1
6b7598d6,1
fa3c320e,1
06cec81a,1
3ec01b6d,1
32c74858,1
5285d740,1
09337c51,1
1a0e9d45,1
dbbb3c43,1
24dbcd26,1
df9f9917,1
460f22e8,1
da6fa35b,1
ae674d4d,1
7781f80f,1
79a359ea,1
4ec16efe,1
2062c90e,1
8630ba90,1
29666721,1
94f0c017,1
41e3ddb4,1
8165da62,1
fd8d6610,1
4a0ff48f,1
10f1091d,1
a4dee924,1
5224d046,1
fa419407,1
c1b3ac50,1
c6ec897d,1
d2057b93,1
4d411cbb,1
50880462,1
fcb643a2,1
5f36fd74,1
376dae76,1
2276b58f,1
b7b033c7,1
555a0058,1
1ec9104b,1
fdf93dda,1
f46084b9,1
e9fe6fb8,1
36d15d41,1
3186058b,1
ad1ecf5e,1
4b3ec73b,1
c4ab7e2e,1
f486b499,1
cd3c3ea7,1
61c5f2be,1
ab33584d,1
b3622781,1
8429b566,1
b48a1527,1
a9074491,1
be6544ae,1
01ca5c54,1
ebfb7a55,1
11322094,1
b1d67b67,1
276e48f2,1
296e335c,1
5ba44090,1
1dce0f57,1
9e7b6481,1
70ac07c4,1
d6aa1642,1
faaa5940,1
46fb9f8b,1
3d216e34,1
cbb2d423,1
eb42ca65,1
07119146,1
a1acc37b,1
2c94a952,1
5d464824,1
9287df76,1
ef07ac36,1
43e359a9,1
231b7d2f,1
24771334,1
577b70df,1
b9305bdd,1
d7a590b8,1
5ddde5db,1
da65b116,1
bddf5633,1
eb643f2e,1
e75aaffc,1
ea937518,1
a1172174,1
af3d99d1,1
eb79d62e,1
8ad68dd6,1
50893336,1
12ce505e,1
81c78561,1
93936573,1
a4a87ce1,1
5c03c79f,1
7869fd2b,1
ed2a57f4,1
5a794418,1
b63cff50,1
a431866b,1
c2e52914,1
82ee19e2,1
55c11a5f,1
582f1d91,1
4f8b9004,1
d8f80b69,1
43192b50,1
02174564,1
ebdfbc14,1
af511fa9,1
95eab512,1
a8784ccc,1
1625cebc,1
0ded4edf,1
826031a8,1
f7890a81,1
b826cb41,1
06da0bc1,1
a1f27bff,1
9712ac23,1
63325774,1
ba280c5b,1
87d099d0,1
ad74cadd,1
fa2bf7fb,1
d162de5c,1
88101969,1
8bf7439a,1
04cd76e5,1
a083406b,1
a3abcd32,1
f5e0df21,1
ff7de222,1
6317141c,1
56f84e3a,1
f951f4e1,1
f5cf21c7,1
7c8532fa,1
b89b8b1f,1
9ea47cf4,1
63bfd50c,1
feddbeed,1
f54c4b31,1
716a9d1c,1
d211d6ba,1
d163182f,1
054451d6,1
49455a6d,1
a422de13,1
9946c789,1
9be870fb,1
029fa8a3,1
8f25ecaf,1
21fba27c,1
801d1833,1
747cb087,1
ca50e754,1
aa81140d,1
97886e2f,1
c1d17669,1
dd8ee1dc,1
ccdcbf8e,1
1f5134f5,1
9849ea93,1
dea9dd93,1
84d3746c,1
6ada235d,1
b88e166d,1
b0a99e5b,1
da246e6a,1
1a1bd0b5,1
fd314d2a,1
efed4da6,1
29818a72,1
1abfb571,1
bad364b8,1
1ddb3e79,1
21a41d6d,1
c569ad65,1
3ce137e9,1
5086072e,1
799f94cb,1
aac582c5,1
ae6c3207,1
cbf1c3b9,1
ed6bb23f,1
5ead0e8d,1
932a093e,1
43bbc030,1
cbcd846e,1
6c7955a5,1
0750a9c2,1
8d0de6f4,1
31aa2131,1
6dfe0f7d,1
d20edafc,1
a20d4511,1
b9ff7a4d,1
ffb74c01,1
fb47eba1,1
7886b10a,1
084ad858,1
891dd27a,1
af3434fa,1
05bb2aa0,1
463c2d83,1
1d413a2d,1
de1ce7d8,1
9e1b7a5d,1
7e857e23,1
f6956f7d,1
bc700dac,1
e77563d1,1
820377e0,1
8493ba9b,1
e5bbe69f,1
35b7ae13,1
0f939907,1
57e3fc91,1
9482f077,1
28bff306,1
97dbb7c9,1
f505c172,1
17043d11,1
b54ca2a6,1
02b5b073,1
a5e20ebe,1
238419ae,1
a889c5cf,1
e26893ab,1
4b9f813c,1
645cbecd,1
18bfa87b,1
5c1f0084,1
3799d056,1
f21ea6e8,1
7a59f195,1
3ac393e5,1
867d4617,1
bb55682a,1
c0a4bd1b,1
63a526c4,1
808701b5,1
497810b1,1
e5c57261,1
ba394529,1
762b2293,1
079393d4,1
90ec6e8c,1
68b00f59,1
fad2a0dd,1
204ca04b,1
2af1ccde,1
b9df4c6a,1
c51def02,1
47c68af1,1
d2fb92d8,1
dce93313,1
d0fdb416,1
f95a236b,1
f3d0c4da,1
88b10df7,1
96807644,1
962127bb,1
a6ad5a5f,1
920b229e,1
101de8ef,1
960a43c0,1
08c42ea0,1
15b5266c,1
c0d68130,1
3bf0adf8,1
3ec4dc4a,1
f61c527f,1
c61395c4,1
63e5d270,1
97bef594,1
73d63676,1
45857726,1
f3e17578,1
739c890c,1
f100f3ff,1
bab65237,1
5b6735a2,1
4e77e6ec,1
916160fb,1
09485729,1
63b24672,1
6a3c459e,1
e50a666d,1
fb432a5f,1
ffa02a3e,1
0ccb5bc3,1
9569d405,1
fde950ba,1
bb397e7b,1
d96c8d56,1
7c81eab5,1
6e4f47ec,1
3df047fd,1
ded84449,1
51cca233,1
8edfa2a3,1
b3652f78,1
5c38625c,1
0a1edcff,1
3785fc64,1
7e963cc9,1
881fa5f1,1
0fbe3ee5,1
8116d2dd,1
53cc2f68,1
fc28c1fc,1
e138feed,1
8b1393a0,1
62fc4b4d,1
ea994af9,1
8ad08007,1
3df5bb9e,1
f4199d80,1
aa039edc,1
24c1f377,1
e588c5de,1
ae211335,1
1a4e8571,1
55ea2116,1
6e12a954,1
1058182c,1
98603192,1
c303b6fa,1
d2413e04,1
ecbc9925,1
6f0ba40a,1
99738674,1
3860faa9,1
1cb4687c,1
153dcfd4,1
67bcb6d1,1
19ec7d95,1
d60a7e58,1
c74da44c,1
b22d53ab,1
2cf1bdce,1
01a8c89e,1
97216a32,1
322294c6,1
e25d428d,1
17661c7f,1
9d565698,1
d6696e3c,1
0d5d3c0e,1
71b3a81b,1
5d51e3df,1
9b2eac62,1
fb98bde4,1
bf55aae3,1
5d632caf,1
28f4a33e,1
023facbe,1
9906341f,1
1c765663,1
3e3d0de1,1
a47bfbef,1
c2fc2c38,1
6db36605,1
bf2d2114,1
1d3488ac,1
97161a77,1
6fd67ac3,1
4345ad94,1
92a854c3,1
608c6aee,1
bd312747,1
e67f490a,1
b56dd1cb,1
2e2c4ae1,1
11590270,1
7d22ca3e,1
1a50aef2,1
d36ab965,1
2d2d1891,1
15172201,1
856ebd3f,1
4d30c3f6,1
49fbc3a5,1
c2e479ea,1
13d9210a,1
d55fc0ce,1
2e1211a8,1
7c9b2c94,1
6680f7fc,1
dd37de2b,1
bb939dbf,1
32c4a112,1
e0502c0e,1
3bdc8e25,1
ccd5801a,1
079466c5,1
b7b1c318,1
a7f8732d,1
0f6ddb2e,1
1cc2c5f2,1
9abc41dd,1
a4479878,1
7865daf7,1
ab1894cf,1
cfbacb5c,1
fabd58f4,1
399cf812,1
b869c974,1
7c184fd6,1
8bd72a33,1
d46e4cee,1
1bd5ee1e,1
6a4666ad,1
17dae54a,1
0df0a668,1
dba88c91,1
7c140814,1
d6bbc6d5,1
d4461d59,1
1cdcba03,1
9ce29d24,1
e448060c,1
c378d7eb,1
c79a8dd8,1
12e4b6d9,1
0bc40c6e,1
4986b23e,1
64263115,1
f18553e9,1
a2b27d82,1
07320714,1
5bddb55c,1
390e6c2a,1
857da115,1
0117f4ff,1
d529c7a5,1
58b9a9cd,1
c6e1069f,1
b03ecf01,1
2878a6c6,1
e2692362,1
0b089b3f,1
03905fdf,1
7910a8f6,1
d32d2ef8,1
8560fb7c,1
759850cb,1
0d56dc85,1
782693ff,1
98d06f27,1
6822295f,1
9c8c19b5,1
2464174d,1
9f0af8c8,1
ccfa5dd7,1
17404fe7,1
e3105c38,1
49a33387,1
04f69294,1
c07d2553,1
80402623,1
cfc73ef3,1
ad5d9c30,1
493ed62d,1
5d7c4e3b,1
2d040182,1
f0b7d72e,1
04146c06,1
9dc680bd,1
790f8da4,1
030277ac,1
bea79f31,1
f3ca2c7e,1
3b0bdaad,1
770d88a1,1
72ea1159,1
d64b1013,1
f32757d8,1
df90abab,1
4b3d776c,1
b7b24dec,1
c8dc21dd,1
004eb40b,1
2c17b6a0,1
6126fc91,1
3d5ca2ab,1
23437c84,1
12615619,1
9413b0bd,1
15185b94,1
b6053540,1
47edf674,1
c352e067,1
ba2f1a76,1
01aea990,1
30c7ee81,1
cfedd926,1
35e87629,1
59c30335,1
05972872,1
bab9a99c,1
0c634621,1
26c19dde,1
d1714eeb,1
f83adf6f,1
0f16616c,1
d9496f0e,1
1aec9696,1
24e8f076,1
e05e0599,1
c105cbc2,1
156af665,1
bf37a16c,1
d7cc5b96,1
1c1ccdce,1
54110832,1
c930f3b7,1
094c9532,1
d2e077a4,1
c82fabe1,1
d71c3c1f,1
b5271ee0,1
fe312e8e,1
61f81906,1
f2062361,1
b7baa8c2,1
59aff335,1
c478efb8,1
d7747e98,1
41ce774c,1
7a0f9cd1,1
3a1edda1,1
f816d83e,1
a0b8a23d,1
6f1dfd7f,1
983431da,1
1fbdd250,1
4e48b050,1
8786602b,1
f90a6e02,1
9ecabec5,1
503cfacb,1
380f26f6,1
76d8c03b,1
9c70d43b,1
2fd3c870,1
71ff92df,1
3058a2fb,1
8aa96081,1
e6ce2534,1
7a6f1510,1
53070674,1
43f4338a,1
b0a30910,1
fa7aece5,1
6faabacd,1
2edc82f3,1
af1e2a37,1
e70c64b7,1
e8c875b2,1
47764a29,1
50c9bb90,1
a37dc9f1,1
097a0701,1
6ba7f542,1
f66bce80,1
668f4baa,1
dc280e32,1
7700698e,1
c8793251,1
3406b147,1
92f33c4a,1
7dc4035e,1
67eba9ee,1
f5276cee,1
db7e2dbc,1
ac7b953e,1
a859de08,1
8b17aa0c,1
f37e2089,1
cbc1a91e,1
85f7f870,1
5b485673,1
25e76904,1
c24874cc,1
ed258c6f,1
5dc92bf7,1
f2f649fe,1
5beeb2ab,1
0ab59fb8,1
08a68f1a,1
51d1a1b9,1
98bf53f4,1
f30ce5dc,1
1baea61e,1
a1d9d287,1
9444c196,1
74343bd8,1
bc9911c7,1
a2ab46e9,1
c528c98e,1
3463d457,1
f6a94285,1
71553386,1
0c6856cb,1
51d30534,1
4cdea6b8,1
7cdd0bb7,1
9bf02350,1
5c11b7c3,1
3d6e13d6,1
97b39936,1
4b441b7e,1
8be05a89,1
e643d72d,1
f5a9908a,1
18cbf7f6,1
55961b67,1
bd89fce6,1
84f5e443,1
124116e8,1
922edc5d,1
189ddfc3,1
400a2cf7,1
4392f190,1
7ca7f560,1
b10ad0c1,1
a9e2bb88,1
50b2fac1,1
61118bc9,1
75c64d8c,1
27d70a2c,1
fbe3cd2e,1
6271b2be,1
ff2a847f,1
0dc7eecb,1
bb505dc8,1
c6937495,1
275383af,1
832149a3,1
476816a1,1
120b55d6,1
d407f2ed,1
847367fc,1
2c602461,1
d1e8b380,1
54717f43,1
c0485e98,1
ec7144cb,1
63063393,1
84f14633,1
4c9b6eba,1
5340f6bd,1
20232513,1
f8e93448,1
cfab0e14,1
bd588530,1
bf13982f,1
e0f0b959,1
5594cc74,1
74498602,1
251f0052,1
ed1c74f8,1
57609406,1
d5da0e50,1
d92b9050,1
3b45d1cb,1
c93a308d,1
6f153abf,1
ef861c6d,1
eb1650a3,1
35b64bc6,1
2357f819,1
932fc3fa,1
5039aedc,1
fd39b27e,1
9896ece4,1
cf15936e,1
fc7f02d3,1
6e80d2ab,1
139fe724,1
d3e1ea1b,1
65b36b74,1
df40a0ca,1
9a543d17,1
df1ca4ab,1
0ea89f77,1
9a1e1f91,1
69700938,1
04e1ce0b,1
9d9006ff,1
9ba886b9,1
36fb3e63,1
9b5f32c6,1
59825760,1
1dd9a92c,1
941f586e,1
bb653176,1
0235c52a,1
bfd7b186,1
a19fdbc6,1
56eba136,1
fe0cb1cb,1
9f3295cd,1
38e0d96a,1
7df22329,1
f617d1bd,1
6ca76d47,1
d119dfba,1
ec0b4383,1
e96008bc,1
71350aba,1
8d104916,1
7f0902b8,1
72624393,1
545a31ad,1
678f1ffe,1
2b68620c,1
62cc754e,1
aeb862d2,1
f6206338,1
5288f21f,1
87e7fded,1
b4d75cc5,1
b5c6e684,1
350acf9b,1
f087fb28,1
adaded43,1
742bab1a,1
81c25dbf,1
1268ae0c,1
4c116023,1
c9f52b68,1
3244a4bb,1
59df81af,1
d7de8238,1
74f226ad,1
57e49567,1
a49af890,1
01ed812a,1
7a0150d1,1
6195d5b1,1
171644de,1
7963ef0e,1
bb52cd74,1
eada2f22,1
a10fb916,1
c68377ef,1
de81b62e,1
55d21f69,1
9a068971,1
c0ad2be0,1
f82f1d6a,1
e22578de,1
d57edefa,1
19bda1a2,1
d2c69eb6,1
4daf170a,1
918ef0fb,1
963d13cd,1
fb9111d6,1
7084e6af,1
a89a3b7b,1
ddb80fd6,1
5597c136,1
3347d933,1
404182c6,1
e48ee820,1
7b95e7c7,1
f6097a44,1
100e6e60,1
0887e682,1
5d157b6a,1
53d28032,1
e2168d6d,1
22156565,1
14c919d2,1
8a91e1b9,1
be7d5970,1
5a3b0c4c,1
fc01c00e,1
9398a253,1
a8426296,1
85417cbe,1
a5afa53b,1
d4512757,1
5c80a867,1
8b62d76e,1
28343986,1
57398c06,1
33dd4fa7,1
5294fa4e,1
bad81205,1
3e1619f8,1
9c984762,1
928692e9,1
96c6c410,1
5d599ae7,1
11b4056b,1
7b25152d,1
495d424a,1
b32586d2,1
dc262a84,1
e5c4817a,1
4fc69e7d,1
cf6a354b,1
c4917da2,1
fa5e7f79,1
f4baf3e5,1
51a84263,1
bdfc838a,1
77370ba3,1
b0adb03e,1
44de1521,1
1bf735ac,1
7d145aa4,1
4256afe2,1
081461a7,1
a5933107,1
586211d6,1
466a369c,1
79fc5b7b,1
6b7d5c13,1
15ccafe9,1
eca1c6ce,1
9f9f854b,1
a53cda36,1
003809ba,1
a202dccd,1
59319ae5,1
23e365e6,1
a70933c5,1
adfdcafe,1
11913963,1
d24fb05e,1
393a6dbd,1
150e7bac,1
8789ce0a,1
a3360d2e,1
59dbd109,1
6453a707,1
72900152,1
cfa91511,1
477d871f,1
8d8936a7,1
10a1a077,1
9e77dfb9,1
4082db51,1
ec4506e6,1
5d5a071e,1
61d4df86,1
118b1c50,1
2f1b5343,1
1bfa53fb,1
54947702,1
ef100a08,1
9065d917,1
d7234b44,1
9e29b73b,1
230e78c4,1
cc341ca3,1
fcc23476,1
0117c7d7,1
0a55f8d8,1
7f486a2e,1
8abcebe2,1
2feba9b4,1
15d2c400,1
2774b047,1
18ddc025,1
06caf13d,1
4087db60,1
9b14938f,1
b2183cc2,1
d3e31eff,1
18beb449,1
b341c488,1
de75a650,1
192baf07,1
5398b4d6,1
079920a4,1
c5245b4e,1
8c783a49,1
16485f29,1
191e687c,1
16d4523d,1
65f3f763,1
bf2e141f,1
08c35b20,1
f9a8c749,1
33fb1429,1
b1035509,1
afd4012c,1
ffad243a,1
25316e86,1
724671c5,1
b0d7b2a7,1
5cd75dd2,1
e9ebbf91,1
60351ea1,1
37419bf6,1
ce3a78d7,1
01c2d4bc,1
6866f669,1
8b3df251,1
083468b8,1
74d65a97,1
618615c1,1
8a6574b3,1
f22c8ebb,1
d37cbcf0,1
b1cd6342,1
a2330365,1
807d87d2,1
10d5fd1b,1
7300f102,1
f4df62df,1
8dbe61b8,1
e43a901e,1
891d1adf,1
bf03229b,1
f693b999,1
1ba0f40d,1
1a604d2e,1
1d8d3f43,1
bec32e2d,1
ae756177,1
bbd0ee7d,1
9b060bb3,1
f05077ae,1
27cb25b7,1
7e479fad,1
6ceaf2b1,1
717ab8b0,1
8fa0a345,1
49591baa,1
e1e58e33,1
0e3ac51b,1
02d6957b,1
1077b6aa,1
d96eb4bd,1
80156c7e,1
bed48208,1
fa2f4577,1
a6b0d91a,1
69bfd843,1
cc5e0f4f,1
1db7666f,1
37eda0e5,1
31868cd4,1
931612b9,1
05ded237,1
7257c0bc,1
9fff31ca,1
feb5b404,1
eafe2131,1
3e60c15c,1
91e452c4,1
21fc1280,1
447f20c3,1
16045d64,1
c864c100,1
d97573dd,1
26b1d6e9,1
569fbc15,1
22fc4dd6,1
b7a4c4f4,1
852e54bf,1
a82eb13c,1
e0307de1,1
fe71fc4c,1
9ba8caef,1
9b98ec06,1
b4db28e4,1
61ccb912,1
e6b07122,1
63b4e099,1
ecf6b2ce,1
abe5daf3,1
6e780c3e,1
3d214ba7,1
e075c27b,1
c22d6084,1
3f1607f6,1
f549eeb2,1
7164c168,1
e73c03d1,1
b55596c0,1
b56c8926,1
1392c991,1
f5f2dc6f,1
0504f36b,1
2a55a787,1
5f438dda,1
d1fa75cf,1
0d731e4a,1
c177ca57,1
4de28b0f,1
eae22121,1
3ef5e37b,1
5f8c36f3,1
9d5274df,1
34e71886,1
e2661ad2,1
e770123c,1
f6c66e69,1
4b9d7a81,1
7482f3ea,1
e734f31e,1
5354c53f,1
12484108,1
1101660b,1
dcfcc7d6,1
f7b4e1a7,1
0ca3733e,1
d923c9aa,1
4e878765,1
1755db33,1
c54567f1,1
9e9e32b5,1
1c2a6e37,1
0e4caa16,1
46ae6cb7,1
eee6f46c,1
690becf2,1
5b75f7c4,1
8aad4492,1
9cc9c983,1
ef37ff56,1
0a2f46f6,1
2d67b4b2,1
397574a9,1
2389e3d2,1
21b1648c,1
549e5631,1
8155eec8,1
6a1af7d6,1
507190a7,1
0b5c5254,1
48f94327,1
4a465709,1
99f49f2a,1
461f3217,1
04eb0735,1
32a913b4,1
ad410ed5,1
ef050cae,1
bed4eb39,1
d05390b7,1
ee551fb5,1
dc658822,1
00b2b58b,1
b9852a9a,1
4a20f363,1
e4915fc2,1
7c1477f0,1
60925686,1
cf3cba87,1
8527d9a4,1
1a24fb35,1
5ffa872a,1
f3320472,1
351acd43,1
b2c3d157,1
e8b6b4ef,1
f6b49967,1
dafa4d9e,1
fbb3940b,1
5e1ef3db,1
5c753a97,1
675e50c8,1
6303ccd0,1
9b17b1d3,1
6325b0a0,1
f164e1ab,1
38798f90,1
844dac97,1
9c6b66d9,1
12a8bcd0,1
edcb5af0,1
3404fd3c,1
53c48a4f,1
2ffcb527,1
724b769d,1
d70635a4,1
1b9a608c,1
a4d05611,1
c0cae76d,1
71b21cd3,1
55be3395,1
eba66aeb,1
d775f757,1
d5c0b862,1
b495aa42,1
ea01e2bd,1
b8692f57,1
a0dd4d35,1
039dd9dc,1
6b60c279,1
54e65a68,1
b96cb5c2,1
325bdde8,1
7516c76b,1
5fd34357,1
e0ecee58,1
01ef1a21,1
a104b7ce,1
95d9cad5,1
845d66f5,1
701b3005,1
94d8513a,1
d04dd5f0,1
7c649aa5,1
eb0c41e3,1
bf26fcba,1
fbf91911,1
2becd809,1
fc73c812,1
12f0b8ee,1
1d7dc39a,1
5fc35973,1
1e1509fd,1
a70e3f7e,1
71893cfd,1
b2d65be8,1
90983e91,1
3a367b13,1
c3519d1f,1
54a04866,1
8fafe1b1,1
0c51e3ad,1
03d77444,1
4674e158,1
17a327d6,1
7cc48a48,1
cd012d7f,1
37948aae,1
d5fff289,1
a30d2674,1
e0db1636,1
a9a507dd,1
d0ded98b,1
dd2f1477,1
4f313b20,1
c7acaa82,1
88db3839,1
3ebee26c,1
54840b6b,1
a21a3f21,1
b6cbb792,1
5cc311ef,1
a2740cb6,1
8cb15390,1
81632f40,1
5abd3120,1
bc68b979,1
9e5f5fdd,1
d80a2028,1
500de3f8,1
697eb48b,1
7fee64bb,1
e7205e63,1
101c3938,1
95022bf9,1
afaa3d2b,1
a4116d3a,1
a9e361df,1
4fc4fdfe,1
a7c83f85,1
6915e3c9,1
7f98b098,1
5840b756,1
d33e1c79,1
6c7d60ca,1
1efb0170,1
91f6688c,1
438ec832,1
4eb2f7ad,1
e3bd6010,1
45a182d3,1
f2098e6c,1
8e9d4498,1
f0cb6f91,1
60227fc4,1
7b95904a,1
f730cd29,1
ca93b857,1
93b46c86,1
f1ba687c,1
2f5bf6fe,1
af1b47a9,1
933c7e33,1
30f7ea54,1
7df72562,1
6f238db1,1
9a8cc378,1
3d44fdef,1
99eb7979,1
29d5b801,1
18435c46,1
9367b433,1
aeeff0d5,1
8fbfb51a,1
e9e95c70,1
07ba9958,1
e4aace8f,1
8c2a2ba7,1
763c62ed,1
85ffd987,1
6e6283fc,1
b5400fbf,1
5284c949,1
efe43f59,1
fe1cee0b,1
17f7991d,1
c6dff6d0,1
b5ea001a,1
ebd137e4,1
34fa2661,1
d1c87f05,1
61195ed1,1
e8d990ab,1
b16c2b76,1
45c30388,1
d1d4ba03,1
7c38d219,1
aaddd557,1
808721ab,1
41454b47,1
941a9a8c,1
34808d26,1
1cb668fe,1
de14182e,1
8d93d107,1
aa84e1ad,1
60f8b8fa,1
bdf1deec,1
8d8bbb94,1
b2032c75,1
9f6b9c02,1
79e2fefc,1
2d502175,1
99056561,1
34e96523,1
7b1be9e6,1
aa6f526f,1
4f5da177,1
9887089c,1
d43784c0,1
92f9b1c2,1
3b44af8c,1
a8ad68dc,1
b171c3a0,1
8f8261bc,1
77e98a66,1
300c6f16,1
e3aa7ba8,1
250f35cf,1
55e0f6bc,1
f010aba0,1
d7a80934,1
74462cd2,1
582b6689,1
a7583de6,1
e8522594,1
a473b501,1
3a6036da,1
0a2016de,1
c5cb598f,1
a7628386,1
e4d61bab,1
2f763540,1
8a38d088,1
a4536c8c,1
f5aff9a6,1
3d47bf77,1
09f5056e,1
9bf6ce3f,1
7fbdc164,1
937e95bd,1
5091e6c2,1
a956afe0,1
4cc5e017,1
969ad787,1
1d996d5b,1
86c61ee6,1
3480f335,1
890e3798,1
2b29fa28,1
af5de292,1
42614af5,1
d3707700,1
ea40d4af,1
d17b28ff,1
861a85bc,1
c634bec1,1
6086045e,1
bc643948,1
997fa585,1
fe3d37d8,1
e5e2db39,1
52a879fd,1
9a762b44,1
02d4bd4a,1
ed841633,1
34c8a956,1
152aab64,1
a9cfe39d,1
e69f46cd,1
d7e1e82b,1
ce4ff07e,1
7a8b971d,1
830a01b7,1
3ef5008e,1
15399352,1
91b14339,1
604fc890,1
2285cd70,1
3f8d6d93,1
c097f0ec,1
34af5c53,1
232296f1,1
902b4a7e,1
d9d31306,1
ac9c16d1,1
6e8e062c,1
585ba953,1
68b883bf,1
00bdbb59,1
a400c2ad,1
9dfc7e74,1
8badf26a,1
3c5b5cc5,1
05d64165,1
d5f33476,1
6a147b75,1
3be1579f,1
aa005b0c,1
6d91df8d,1
d6d0b33b,1
1067746e,1
f45f2f26,1
90f510cd,1
05dfc2af,1
a9e05d4c,1
f11089bf,1
8b98e194,1
4560f5b2,1
96db573d,1
b3466bd2,1
3f79dbfa,1
003a0034,1
a3dd085f,1
b15dbe7d,1
e6f64002,1
14edd196,1
8221108f,1
2740162e,1
2f122029,1
cc8e5301,1
0671b0a2,1
2796b5d0,1
20110815,1
2c556954,1
5a1d6e61,1
c543346b,1
70a9942e,1
dc99408c,1
e82757d6,1
bbd9aca4,1
c45172d8,1
9fe01de5,1
715051c4,1
9c91fb0e,1
1883d12c,1
adf1da76,1
2a93d691,1
c29810e5,1
1058c137,1
8828fcf2,1
d0bde549,1
571fb10f,1
9c77cc3b,1
7748625d,1
4e38560f,1
336d2a42,1
c59bd45a,1
36790506,1
4218365a,1
2e08951a,1
aca6dcb7,1
26da582a,1
d23531d3,1
5e196518,1
73eaefd2,1
5fec859c,1
f1d7a406,1
17570cc3,1
49264636,1
c9288a92,1
94e05afa,1
0e2cf463,1
16dde468,1
cf47dfc6,1
e6c74c97,1
3697ebe8,1
d7b2a5f0,1
a8896768,1
7ab23d55,1
e4f585a8,1
d761285a,1
38cdc138,1
f4cca4a1,1
31832d62,1
b2ae2d38,1
b48dbc12,1
8c5bf344,1
1fee12bf,1
0a5f8fa4,1
8aae455a,1
05ee1915,1
d6e467af,1
da67f703,1
f934c029,1
93caf177,1
59ad5918,1
1c41a487,1
b46248a3,1
00c83bd2,1
d42d7146,1
32bded91,1
942cfeb2,1
ffd7e418,1
11e9a210,1
326f0e0a,1
9ed188ec,1
42c359ca,1
d87e4a33,1
5e5a6cd8,1
ffd121e9,1
a29fb6b8,1
73ede54b,1
470dc5d1,1
60a347a8,1
30163ad2,1
127c6ef3,1
f8e1cb47,1
e7ecb9be,1
38490665,1
392ae8ac,1
00699144,1
994750a6,1
65f56c0c,1
c326fffd,1
1ed66f98,1
736a4ef7,1
33bdc8ec,1
e177440d,1
cbf0bbc2,1
52850e6b,1
14834286,1
ed78fece,1
aa16655e,1
b48ab4c9,1
f15bae39,1
cbee4d14,1
6709da16,1
7cc41957,1
e0321dfa,1
590a767d,1
fa1035b8,1
d04f03f0,1
74f02a11,1
f650be4d,1
6d246f4e,1
2ed90165,1
fbc05437,1
b0585861,1
9afc59eb,1
24c999ce,1
c8909220,1
a9a074ec,1
55c3df6e,1
6c07d07a,1
95d48931,1
2f98365b,1
274ee5d8,1
c6f7eee0,1
3e3689ca,1
b217c7d4,1
fd546105,1
d172c16d,1
b9a486ed,1
96291c1b,1
68a85b3f,1
52303702,1
028d6761,1
cf0c4344,1
58f52071,1
4100d9ca,1
c93f4b2f,1
fbec86fd,1
9a43d65b,1
a10d4e3d,1
b4d9a81b,1
fbf1eef7,1
6c19295f,1
3ef63459,1
7594f84d,1
1ea63c57,1
ce3b7d4e,1
3e671ba3,1
a0548533,1
0f916b47,1
3837ad1a,1
1f295e71,1
d94991cf,1
98e6eafb,1
c338bf98,1
a02b6eda,1
3bda67ed,1
eaa127c2,1
d2bf2fb1,1
435d1660,1
4984635e,1
9c96ec5c,1
1401cbe4,1
b8f1ed52,1
09da918b,1
6aaeb6a5,1
bbfa963d,1
bd1a849e,1
62d33645,1
98a2db01,1
20d9f095,1
d744c587,1
d2ad566f,1
70878064,1
d453a767,1
87015d94,1
f73d0daf,1
51c5c991,1
0f12aef8,1
31882303,1
e02ba52e,1
09f384f1,1
1344e3c2,1
ccf5a968,1
66194569,1
f284547c,1
c58baa62,1
28141218,1
da6ad541,1
a42943ee,1
eb9b4c32,1
b620f643,1
1c2a4ac4,1
19444edf,1
4d9aa179,1
4b5ab1ac,1
4b8ee63e,1
1328b2fe,1
d8b9771b,1
c03f9358,1
3a87f875,1
c398e135,1
ff6e5f20,1
23aa64eb,1
b37c299a,1
ed327d4a,1
37c22a8c,1
c5c5100e,1
51d814ce,1
6d4b9ef5,1
af7219e5,1
541c3f2a,1
7566873f,1
0febe50d,1
c6dec1a6,1
cfa87c96,1
d5dd0f31,1
ef4384c5,1
37c63b66,1
ed8be5b2,1
db4f9c9c,1
8914625c,1
2ebe33cf,1
5ea30536,1
23cd38f7,1
9d72d468,1
90b30451,1
08f0077a,1
f0ff204e,1
c300424d,1
2caf4928,1
7600e196,1
41b10655,1
52e630ce,1
c6ac3b24,1
3c42414f,1
2cdccfaf,1
d8fd23da,1
2daa7228,1
83e40c16,1
f46fbe4b,1
1c568876,1
20aa8f95,1
fdbd24cd,1
03b24b83,1
e7a2d520,1
9090a3c6,1
a6d3455d,1
aee78f07,1
15d2a9d4,1
acffd1ed,1
2c517098,1
883e651c,1
b8843b99,1
cebf4109,1
fe8209c6,1
f1ec4190,1
8a48e098,1
3ed8a578,1
cfa661c0,1
f1264f2b,1
ba1a166f,1
9c721487,1
e3b1b1a4,1
507883bd,1
76e59050,1
c1fb8371,1
fad93516,1
afc61cba,1
cee09aa2,1
374b39a4,1
b618ee3a,1
5a7e9b55,1
2807f9a5,1
325de2ab,1
bfb6c8cf,1
c8e7c463,1
edcca494,1
9db70d85,1
0ccd5c17,1
478b55db,1
71c14bf1,1
958fccc3,1
c8fb2eca,1
f4c711ef,1
aef6772f,1
49bc2249,1
79e2d83c,1
4751bb4f,1
0b982e5b,1
7ede4e4e,1
801b20d3,1
414961c1,1
e4c51ccd,1
555caf8b,1
cd162862,1
cfe3e633,1
465299af,1
af5fe7ad,1
46b1067f,1
3c759492,1
3d7c8ea2,1
684755c7,1
e109d73e,1
ab0ff1f8,1
3ebc523c,1
36a8b07b,1
9bc5b440,1
1e91815d,1
02294016,1
3d7a1b46,1
7b40d67e,1
83a397f5,1
cd1b0be7,1
bff4d602,1
fb73ac44,1
31badc81,1
0d9d7157,1
272d1676,1
cf198bcb,1
281ffe7f,1
1b27ef51,1
f7e5f802,1
712749df,1
3e9166f9,1
78d60fd3,1
0e58a254,1
cbc96fe9,1
683992b2,1
ff4980da,1
e22f7e34,1
d4191c66,1
ea941478,1
5d675e56,1
bdc4aa55,1
c3a8cc00,1
f920caa7,1
5dce7c9d,1
28a92ead,1
3c76bb5b,1
18416d3d,1
d3f4076f,1
0b06dc39,1
588938d2,1
c5432f4b,1
cb4179ea,1
8a60445a,1
74a478fb,1
edf682a3,1
36597501,1
56703cbf,1
b66f0a51,1
0eb04faa,1
32725f37,1
c727a922,1
ce46a069,1
e152e09d,1
31d9119d,1
b2cb92e9,1
407bd261,1
5ba2d15c,1
8678e3d9,1
04126de6,1
5065a978,1
c980a63d,1
5c4740b7,1
ec5878ab,1
9a2d78b5,1
8cc5e0e9,1
ba18abc6,1
0dfc684e,1
d9ad93fe,1
070da151,1
449190e2,1
58afc03d,1
7d8f5dc4,1
e9586343,1
00eb68a4,1
12d53790,1
88468f8e,1
ce227ecd,1
ed19780c,1
327e373b,1
4c9dbd45,1
25998aef,1
3710d1de,1
1f2e4c86,1
6fdf75da,1
e6e066a4,1
c8199db9,1
81cf99fd,1
6c308564,1
a4520e1d,1
f339a3cf,1
3274e107,1
5b099452,1
ac4c0654,1
3d18110b,1
5e948f57,1
d766c220,1
2f05ada6,1
330504e0,1
d70a057f,1
eb7f67e2,1
950549d0,1
34ff5c00,1
f9a8d6da,1
1c576174,1
084a62dc,1
60680e95,1
f43a5ef0,1
cda1eb07,1
1e23f5bd,1
3fb11179,1
e48ade2b,1
af822bea,1
4055bf9f,1
393c13ed,1
9a80fce3,1
1008250f,1
d109272a,1
9212c1b7,1
8ce804a9,1
01ac29d6,1
c3a4a922,1
cb875d4f,1
96fdbdbe,1
50e83096,1
177d035d,1
a2c45076,1
34bd0fed,1
f70ef67a,1
84810d4e,1
b572fcba,1
3eac804f,1
c8574e9e,1
67ef65de,1
374cf409,1
87fa174b,1
7e8f6f52,1
0b6c1362,1
73a6b0ae,1
56efe2e6,1
92110625,1
14156c7e,1
f826ea4d,1
304fa62e,1
71c1cdfb,1
fdea8e1b,1
3af11dc6,1
35630cc0,1
a0c67b72,1
bdb8076a,1
cc3ca173,1
6d74cba0,1
2f744792,1
4294b060,1
6c47f822,1
ac479603,1
e3bbdcaa,1
2fe98b3d,1
cffc12f4,1
4b4bf7de,1
077c932e,1
216f60a3,1
c87f0553,1
53be34f7,1
aee0a4f3,1
76ccec6f,1
ab5c2308,1
8f8ec940,1
8ff13d8c,1
9f79a65b,1
99e121b0,1
8b1dcde8,1
b3d2f0b0,1
53bfab96,1
939b8671,1
970d096b,1
dcf1d2f8,1
903a4b61,1
106b9a5c,1
ce277930,1
c918a633,1
110b6971,1
5c649c9c,1
7fd955ce,1
8943f712,1
c11bce98,1
091397f2,1
9f31f8d6,1
272ee941,1
b59a8fb7,1
ad96ff24,1
27a06ca7,1
6832fed8,1
415bfb6e,1
dc7e2399,1
ac301236,1
04bf2e9e,1
cdbec580,1
4ae8ac77,1
630b7900,1
9a91c7e2,1
3fdf6109,1
74dc94f9,1
7e13e8f6,1
0686538e,1
a79310c2,1
04b1b502,1
9575f141,1
c8d2419e,1
25c20063,1
bf77c45b,1
82b0baa6,1
264e62ed,1
19508d81,1
ea4e5743,1
43fd0810,1
95086ada,1
9060651b,1
7c166c7e,1
5294ddbd,1
ed917a4e,1
8a3c3faa,1
785788a4,1
43bee8a5,1
9948a6a6,1
22717366,1
56286274,1
279a6c21,1
695dafd2,1
07979ef1,1
75e4408a,1
b2afcc85,1
2f944ca0,1
122c0788,1
8afa4cd9,1
f8a1a2ed,1
cd030782,1
32657e83,1
d211454e,1
da7d92e0,1
35704e57,1
bc6e9867,1
bd330cfb,1
0a9fffb6,1
8579cb07,1
3cc51106,1
5f53a48d,1
6ee29c68,1
fbc282be,1
c38bf999,1
8035306b,1
6482f984,1
f002f05c,1
89380044,1
ba9c582a,1
2543919f,1
ab174e9b,1
fe321a4f,1
322a705d,1
3fd41652,1
b86daaa4,1
2ac31799,1
e4954a76,1
b6184844,1
8704ae57,1
e21fb5d1,1
794ad697,1
59a24925,1
21dfe37b,1
e5e70606,1
1d8d70f3,1
8a240220,1
03d507b1,1
6bdbe5f4,1
48c91984,1
6a02776c,1
a4b3afe6,1
f9aaf6fa,1
37279014,1
14684fb7,1
71719cba,1
02f15a9e,1
e6d2cdf1,1
9105b243,1
18ddbcb1,1
ab981422,1
51d113ca,1
473b2255,1
cfa4a7de,1
8126af3c,1
6b6dc99e,1
5141562f,1
9d3112cc,1
a33c7ce0,1
258f654d,1
ba484749,1
f9e6363f,1
a2bfe897,1
b59f7b02,1
4a981349,1
7f08f43a,1
fa375c38,1
321e81b1,1
b16da0f7,1
b4d5c06f,1
3db59f34,1
d77d42bb,1
065f5aaa,1
135150f0,1
777302d3,1
558cc122,1
65164593,1
20257be0,1
0d2fe5a1,1
22fcd86c,1
cd02e020,1
f01054d4,1
1b657595,1
ff70f735,1
4cbe196c,1
82a4072c,1
1c355b52,1
bb63f9b8,1
5bdefbf8,1
5bc496ea,1
2fae2ded,1
10f64469,1
90616727,1
5a4c9c33,1
050a9d99,1
f321275f,1
1082720a,1
b4e9593e,1
be0fe5a3,1
ee8a553c,1
c70a104f,1
3ca00ff7,1
2da57d07,1
98b896a7,1
15328f4f,1
d5487d2d,1
d09d0904,1
a9c916a7,1
351e392f,1
dae5723c,1
29430340,1
51415eb4,1
58f60aef,1
76b5de5f,1
7064904d,1
45ae580e,1
910aa888,1
79368a7f,1
a4e8416b,1
41be7e69,1
acc21bb7,1
65d6e8c0,1
bd294d17,1
0a37be9c,1
f98371bc,1
4c931e84,1
ffa4ac63,1
48dc221f,1
d2c851ed,1
0904a43e,1
aa3431db,1
f23ac790,1
7c3b47be,1
17ad1645,1
5dd956d7,1
9eeaac17,1
184a8afd,1
a2da30fe,1
925e65fb,1
7db2a80e,1
8c8c8181,1
adef651c,1
2d56b727,1
c55742e4,1
67ba154c,1
d610796a,1
365281d0,1
6563678b,1
2fc6f94a,1
d687617a,1
b19d3862,1
fa8c9948,1
f4a5c102,1
d8c00b5c,1
5653b9e6,1
13d1b11d,1
fc32787e,1
57c7c68e,1
0da6f669,1
16787a94,1
8b3e77ba,1
6af9f346,1
8d3c4ddc,1
d5d65813,1
5ca5e8f3,1
04300355,1
38957738,1
2d1047cc,1
63ec20cd,1
4214cda2,1
9c5ed640,1
2dcf429e,1
30c4049a,1
7084dc20,1
6d5c5a4b,1
6303a1fc,1
90d7e32d,1
4e5c0ae6,1
170a6311,1
650aeeb5,1
cd863575,1
710b1b92,1
08c12f00,1
4db35fd3,1
8f047cc2,1
56bfe989,1
818efcee,1
b01d112a,1
fd206031,1
caaaa7df,1
7edcd9c6,1
888a8d8b,1
8b29f81c,1
e69679c0,1
7b9c6c31,1
937dbdc3,1
996a06d7,1
19128cdb,1
cc13e371,1
af960c19,1
cdad9739,1
9e989e4e,1
5972ff29,1
9e3bd768,1
950b5b04,1
e146370b,1
74aa58cb,1
14aaa2f5,1
07c85ac3,1
5e7fe71d,1
e4fa1ed0,1
b9b65a5f,1
24b9877a,1
8a921f25,1
e83f54a2,1
eb7dae89,1
7661447f,1
e44f0b1d,1
c6e6e62b,1
eda0c343,1
87b978e3,1
5983aee3,1
58bc0a60,1
b66deb03,1
30d8646d,1
a37975e5,1
b94e193d,1
1cc6a73d,1
3ac53e1d,1
6fe52835,1
e4ed9e56,1
60e3a2aa,1
71982b9e,1
ec3da92b,1
0212b80f,1
78a3a2a9,1
5d2ea632,1
29199340,1
54261ccc,1
c81e03fa,1
844591ba,1
d62c73b6,1
6cbed64e,1
c4aadeda,1
9ccca196,1
8faad31d,1
b1e7e672,1
88766aa3,1
6a986bcd,1
8b228759,1
0849a246,1
6889341d,1
45530252,1
d62f4e18,1
414c54ab,1
cea9a10e,1
c1c49021,1
a375d5e9,1
04647010,1
b6808a68,1
13157bb3,1
542ec2bd,1
7d5aabb6,1
052950c4,1
135a94fa,1
9a3fd591,1
bdb7f451,1
834dc8bb,1
3ddc3b16,1
85eda778,1
e979a657,1
60706a95,1
596718a8,1
b6775cb7,1
d09af0cc,1
3113bd19,1
36b5918a,1
2a3d202b,1
576cf7b6,1
87c68497,1
7d53ac86,1
0d46ea3b,1
d2da1501,1
6c61eca1,1
878009e4,1
1733bc3b,1
247b53fb,1
5295921f,1
2a393756,1
6e9c7028,1
0a7e0b4c,1
b0aa89cb,1
cedd0a53,1
1fcc4122,1
d34f5ef0,1
00dd3597,1
983125da,1
66aec94d,1
8e114dfb,1
5e2d7739,1
ba2318b5,1
f74e9f13,1
de0ba10e,1
a5b98e0f,1
1ddbea57,1
3065b9f4,1
458cf0fb,1
bfd4bdc5,1
153238de,1
d7385e69,1
220f3017,1
03e41580,1
62344445,1
eb91644c,1
fd4b318f,1
1c293af7,1
e7878625,1
ec99e34c,1
008a7548,1
750ab0a1,1
7f62cec6,1
7a2c87d2,1
a717bdbc,1
5e7aeb97,1
daa420e8,1
15fd6d0c,1
57a336d2,1
0ebaf61a,1
c88bafca,1
44fdb9f0,1
501b3fd1,1
52b73fed,1
20680885,1
73e21a8f,1
708a63e0,1
286b9cd3,1
f8d218ed,1
81ce70d4,1
8c44d767,1
daffb766,1
a90e938a,1
7579a761,1
5b14acb1,1
54bb1ed5,1
155df85b,1
7f701e64,1
679526af,1
691e9f1a,1
788520a3,1
19259cbf,1
eb19d4a5,1
7f3fbcd6,1
ecad6ddf,1
81d0f86f,1
08a89351,1
07b9b85c,1
5de59831,1
87b5c2e9,1
e070fe0b,1
6856f10f,1
13b4afe1,1
ec21dc68,1
23504943,1
4f91fd77,1
4589f301,1
11f4c9a4,1
537f6429,1
7f34c614,1
29695a70,1
60337137,1
6b888d45,1
0c534f9b,1
005f47ec,1
74cc52d6,1
8ce1859b,1
8f9551ad,1
cf2517b1,1
889e0ee0,1
5c1afe19,1
5e5f7de3,1
7d3d92f4,1
1cd39299,1
0bf0e354,1
161cdeac,1
aa72c75a,1
b742d694,1
71218176,1
6e7222b9,1
892cdeae,1
523e689b,1
d53d1cab,1
1a496fa2,1
f61fb99b,1
5e234529,1
7a1ce6dc,1
8be3ee49,1
dfd5edb5,1
9a64dfed,1
10857722,1
e1dcba5b,1
adf41f7b,1
bd8ddc4c,1
18e35e0a,1
bb697b4c,1
c1cfdde1,1
25340054,1
7832d1e6,1
20d270b0,1
2f378b09,1
91a0a5a5,1
9578717a,1
992a6a39,1
584c26e5,1
319396da,1
1572ff77,1
0c36dd28,1
4edde595,1
11adce0e,1
8effd113,1
c332616d,1
020644fc,1
2aac8dc9,1
cc280534,1
1e6d5a3d,1
72d9ad2a,1
7da75303,1
f3fbe6ea,1
249e1ada,1
1be99625,1
7df7724c,1
39ee809e,1
9b5a9446,1
83a63c80,1
8c9234d7,1
86c719f9,1
fc50524c,1
0b281f48,1
fdd5f63d,1
1495350a,1
3a8155eb,1
469ea77f,1
0958869d,1
8cc1b6b4,1
dea2ae14,1
90340efb,1
5076fc16,1
e29bc9dd,1
6eb82115,1
3ac728d8,1
89a313d5,1
124417b6,1
bf7fbbc6,1
4d50f8cc,1
48a459cd,1
a1e1a720,1
9517af7e,1
12e422c7,1
ca75e176,1
dee3fd93,1
4b1b0a59,1
11652f1c,1
7e0a619e,1
8fdf343c,1
f54a7700,1
7ba18d21,1
387ca7cf,1
1656ea20,1
a75cedc9,1
9acadc74,1
11084fa5,1
85bce50e,1
26993fe3,1
fd43826a,1
579a614c,1
2536d056,1
33c5c1f2,1
68324c43,1
2b1aaa84,1
8b46ca5b,1
271cd642,1
191951e7,1
e37db54d,1
bf4bbc81,1
fadcd7d3,1
db45f472,1
6872b48a,1
b18447d7,1
c56ef366,1
6ec2d34c,1
802eb6e3,1
4aa6a214,1
f0adf41c,1
926f4d39,1
86c7b5ad,1
2706f286,1
0b088b25,1
b5c369b6,1
b3260e79,1
3b071e3a,1
43f1f71d,1
520fffc3,1
c8361e3c,1
85a20128,1
eee612aa,1
35048751,1
ab691d14,1
211cf058,1
fbd01de1,1
101fbd88,1
f636472b,1
a5bebb84,1
464e62e2,1
1c92be06,1
2216763e,1
1cd03156,1
5ac95b97,1
17d4c6ed,1
1e996659,1
bb626c5a,1
8cbc2736,1
86f31e7e,1
37daff59,1
ee6a6788,1
c87ce696,1
0eca1fa7,1
890e21d1,1
f6c4e187,1
53f5e2fb,1
0f0c022c,1
98cab44b,1
dc67de8b,1
1f59dee7,1
54513541,1
feda3903,1
334b6c5f,1
dbba681f,1
389526d0,1
2467ef15,1
53631a2e,1
0a9e657b,1
a6e372fb,1
4c9b6b80,1
e7d4f91c,1
4810e13d,1
145cac06,1
8bbadf22,1
57f08138,1
4f86387d,1
7d5f384d,1
f19abd7f,1
9b8b33b4,1
2a2f2889,1
107199df,1
3d4e2e30,1
91b400c2,1
5220811e,1
bf870689,1
206603d9,1
e9a76e22,1
088113e6,1
45f56360,1
b426b84e,1
b1940f7c,1
d4769cb6,1
13f02eac,1
573fe5c8,1
6c2d6e63,1
f99f68ab,1
ba177f76,1
86978b93,1
e4b51da1,1
8e909334,1
e29ec02d,1
13eafbad,1
9868fb19,1
982601ae,1
24886844,1
cfff33cf,1
e76f4e0b,1
a37e17ac,1
fc258236,1
fce95186,1
833fdebb,1
4b9be660,1
0d84260f,1
974337cb,1
9606348e,1
d3a7ea16,1
335787d6,1
a3f89c4a,1
535cb373,1
53a4eb58,1
205fed3a,1
33ce4efe,1
47d2ef60,1
a98bae7f,1
28e2f0b5,1
512b2d04,1
2d2a3f09,1
18af63ec,1
ffd805e4,1
c90f6234,1
3cd7a076,1
6ed96b2f,1
b1a8073b,1
e6ed5e79,1
661ff5f8,1
6f9600ad,1
ed03a78d,1
5a064480,1
06a9f401,1
1d98d9a4,1
df0c8b5f,1
0b3c3ccb,1
219f81e0,1
e9351f65,1
1684848a,1
2e7ebb75,1
93da5ebc,1
0867975b,1
b0772805,1
d8a59645,1
456e65d8,1
95ffcaf9,1
21440041,1
5743c28a,1
2f0bb063,1
f8455c1b,1
58f4dfb3,1
c93b11d7,1
71ca21f0,1
e08ef41d,1
dbaaa934,1
bd738a08,1
e619c83d,1
6d6a1c1e,1
54dc6a41,1
6a0a27e9,1
d1fb409c,1
b451c348,1
8aa78c96,1
2a7cbf18,1
b2c8d53f,1
00016a3e,1
fd1895b7,1
0da537f6,1
394e46db,1
7f703a75,1
839ed76e,1
227922c2,1
5e4898e8,1
ab967f3a,1
f1a4dd8c,1
4d196c8f,1
d249d29a,1
13be06d3,1
1d5d84bf,1
ac19d221,1
22d79e2a,1
930261f6,1
b84357a2,1
b59e5436,1
c6f264ae,1
4914e785,1
ae9900d3,1
81471d8b,1
56e8bb11,1
414cd662,1
8aa02c5e,1
b5464fec,1
97cb8216,1
5188e798,1
170aa5ec,1
b2f49c4f,1
e7230fe8,1
807d7575,1
c1191c59,1
47d51446,1
548bdc90,1
7c03a818,1
8f63ba9c,1
bbc5b0ab,1
b4e07f70,1
66ed2f04,1
4eff63ab,1
bf128d82,1
98af2375,1
0f02647f,1
e4f4935d,1
72f3ca1e,1
4a06524e,1
99fb4d30,1
0c53f5d8,1
4fe49fd5,1
eeb98195,1
c9664900,1
57539fdc,1
75c74fef,1
64f2276d,1
fdc5d6f4,1
86b70928,1
299371cc,1
ca68991c,1
c5b54984,1
e8791f8b,1
24fc7d38,1
b8729af7,1
343821eb,1
b67905b5,1
63e2520b,1
b3c17c8f,1
262a9bb0,1
27f1c4f0,1
7f4e49a8,1
cb08226d,1
67f7b8c0,1
d4db6e7b,1
89a7de99,1
797fbb09,1
664f655c,1
d05fc208,1
d652c6a6,1
1f99648f,1
24aa8e78,1
88ac7f3e,1
ef3a78c3,1
a44fd9da,1
cd47bfd4,1
58a7b997,1
fd962229,1
c467f1ef,1
7d90f317,1
a02d9ce9,1
26cf9f80,1
b611efe2,1
d3df1de3,1
917150db,1
564c7aa1,1
89fbafa5,1
a1dac08b,1
5726d538,1
f040f782,1
3eb434b2,1
ce8d44a2,1
16a555a9,1
a938ca5b,1
d2ce70e6,1
8d67e181,1
de90314c,1
c392999d,1
6fd11d7f,1
aa1df541,1
a622a7bc,1
d1a7d83b,1
1661b577,1
1f2f0885,1
b4bce18b,1
fc4a1629,1
0dc3983e,1
9b5a63ec,1
a3c5d46b,1
84775022,1
fed78005,1
1c41c551,1
31b80756,1
1fb3efb6,1
5149d023,1
48920a90,1
f21a9594,1
6c8b16ed,1
f8cb6ee3,1
fa9cc7a1,1
98e3fbdc,1
0ee12132,1
5668b4c3,1
7a49e59b,1
3f9b14fe,1
7c4199e2,1
2c5f4f92,1
7b86a93a,1
a8739a23,1
5026bd47,1
8b16859a,1
e8fe15d5,1
9caa06f5,1
59d6f8a2,1
528789b1,1
8db49e87,1
852ca5a3,1
ae138e72,1
9a6a612d,1
a96e3456,1
30d4029f,1
991ffa0f,1
44ff18f7,1
86bdf1e1,1
2bd18a60,1
b41ccf70,1
35a6a197,1
ac91a8c3,1
6f23e075,1
363a1abc,1
cc51ba10,1
480e27bb,1
89ad07f1,1
c5e5fa74,1
70c5f5e4,1
690ae44a,1
084611db,1
6cfa93a0,1
a4386cef,1
1bb9dbe4,1
13bcdced,1
671809e9,1
8bbe59cb,1
64c068f8,1
2737c948,1
b86bb6d3,1
9cd52307,1
b9d775c2,1
0649aace,1
6c79e03e,1
d91a87ef,1
7de034cd,1
c23e0456,1
1f0f452b,1
028d3b78,1
7ed48832,1
29960d6f,1
34e27f9f,1
6d80fddb,1
f271a392,1
88957805,1
6db1b437,1
e17a9e8d,1
a39f9bcd,1
7a38cb99,1
1f8bf82e,1
04209c29,1
f67f7aee,1
ae12959f,1
469af305,1
18688adf,1
c613275c,1
1dd4a80a,1
630c43e5,1
61608048,1
5a48fd7a,1
9a46a35b,1
724fef9d,1
423d568a,1
02830c0d,1
fc98ee44,1
1e6a22ba,1
e9e94cb3,1
908b2ed0,1
e4cc4d20,1
e2c36f4b,1
f24b4322,1
ee7ee206,1
6dae3628,1
d787ad36,1
7d233b3e,1
1d57ff33,1
803997fc,1
a25f6e49,1
39ab268c,1
1c518d4c,1
90f26995,1
089e0f59,1
8398d017,1
b8281375,1
aec104ad,1
46a2172b,1
33dfbe36,1
41b84833,1
5b0710b8,1
48ecdc5a,1
20d9222c,1
ec75fd1c,1
575c6c6e,1
f1cc797d,1
7b1f5f12,1
85ea1411,1
f8c8004f,1
9b439488,1
e1793065,1
facfa681,1
55120933,1
ec46a739,1
0700bb80,1
75dc081b,1
b923d6a8,1
8339f2ad,1
fe57c757,1
dbc214d8,1
66477ed4,1
69ef2e15,1
ee0979a0,1
2b28e994,1
db6e1b1f,1
20028720,1
ef8b5881,1
305e09ad,1
c4ca713f,1
62fd184c,1
e7981de9,1
d4825f74,1
02d0a7e5,1
17bd57c0,1
efb81d1f,1
d33005dd,1
a17b894d,1
c2806066,1
61001bb0,1
4c0068cd,1
718d6476,1
401b79e1,1
d27b010c,1
df6c5343,1
a068cffc,1
bd9c9a6f,1
c2e99905,1
2efa2522,1
c5252e8a,1
c0c06e02,1
e8c03359,1
df26dd2e,1
33a950aa,1
868dc3e6,1
465b746c,1
db3742b0,1
bf14a996,1
a37c2ca9,1
87323cfa,1
fc2df44e,1
295112b7,1
16d0ca76,1
7f180838,1
3043104c,1
5f5b25cd,1
f038e238,1
346f8dd2,1
c6275048,1
c84d7c38,1
96f13b43,1
1af2454b,1
fe92a930,1
99e0cea4,1
4c93de2c,1
8aa8acb0,1
e6657606,1
3ff79788,1
74484ea3,1
9ebb34d1,1
96206a1b,1
e8f01886,1
9004c5bd,1
df46ad76,1
758ef4c9,1
5e08a8ac,1
fe4c7dd0,1
7c28887c,1
0426bc3e,1
bfbf7a5b,1
1e514f98,1
0f060182,1
b9bf406d,1
d5bbf2e5,1
97823d2c,1
d08fc761,1
322ced21,1
0bd28cb7,1
8e67fb30,1
8d422244,1
e8154f83,1
61a4dda3,1
b48b4f9a,1
1c575857,1
9fb7683c,1
607a1673,1
c73bd752,1
2dc3cb31,1
35700e62,1
85b98a0b,1
f55d4472,1
016b98a0,1
4c8363af,1
571d0d0b,1
d9a29c34,1
c75a5dae,1
9cbce585,1
ebd2e083,1
4ef9a162,1
658855d0,1
60bc0bb0,1
dcf7bc9f,1
69acd2c9,1
7cff30d0,1
6916cd1b,1
3530f9ce,1
71667ca8,1
4807929a,1
c7ea56ae,1
630f4f47,1
f04a59bf,1
7c74985e,1
e5eabba8,1
93e02d51,1
8e7ba6f7,1
7520cd22,1
592a9d32,1
b7239884,1
b9f34d7c,1
4ea829f0,1
f142e513,1
713ac87e,1
36eaaa58,1
ba3aec95,1
d50936d4,1
340702ac,1
a9d49c73,1
4b79d3ea,1
a0d349a2,1
c0e01ef0,1
320050b0,1
14a3fef3,1
683dfe3b,1
ff4c4b5c,1
ea85df63,1
3ef9f87c,1
d92e1290,1
44a52ef1,1
ce15d326,1
0f79c192,1
9f898e6d,1
de649d90,1
123f6e53,1
ececb410,1
40528e74,1
78d4232a,1
d0d14d70,1
cc7710d3,1
e4fd2aee,1
0bf32689,1
61f30764,1
f48afe5b,1
7e347060,1
50337ddc,1
f6095c6e,1
e912c2c0,1
f145fce3,1
9330295d,1
6ef81d96,1
bba065e4,1
561a762c,1
87d895c5,1
6a06f62e,1
d4e67d00,1
c20fc568,1
6994e74d,1
340a5862,1
3c87fbb5,1
2d4984f2,1
0dab64d5,1
0869033f,1
e8c04419,1
2178c735,1
8f87fa52,1
be99221d,1
f870ce97,1
a4c31c1d,1
f03442d2,1
1412c08e,1
affb4e18,1
6762219a,1
c358c4de,1
d028d921,1
d900a08a,1
fafc402e,1
d6c0be5e,1
e5041cfd,1
37a2d91f,1
c5334d42,1
8ef85c07,1
d275f981,1
0f56241e,1
7d7fa0e0,1
7f995ba0,1
09891dea,1
d029131a,1
02fe93bd,1
21d7966b,1
1b0666d8,1
d2d3d295,1
a4b37534,1
b0c5e249,1
0102d24b,1
b0c1cb2e,1
87666d26,1
f214d028,1
3ba28e47,1
4a9cf69f,1
5251a54c,1
95a21ce0,1
6eb4e4ab,1
1e05fc9f,1
5c7961ed,1
1ce2b7a9,1
0b642d77,1
b27aa312,1
568dd3cf,1
ac1ffa6f,1
19b3338a,1
68dd6ce6,1
979a41a6,1
28db0979,1
79991958,1
b819f241,1
9302225c,1
fbfbcaa3,1
a1d3afc1,1
c0cb6e5a,1
3450b83e,1
8fff8809,1
da45c3ed,1
f4f46a9f,1
12da2249,1
981245a3,1
9d306666,1
269ca4b6,1
09fe741a,1
c26e52aa,1
55e072ae,1
537c1bc7,1
9452418b,1
b8817c6d,1
8d1533e5,1
ab5d6374,1
68434df9,1
0d2f8b4e,1
cf8d828a,1
176bba23,1
e7d6b20b,1
948227bf,1
42cfbd30,1
56409d18,1
3bdc4a37,1
e06d07c9,1
65a7b34b,1
eae4356f,1
c221c994,1
3971cfa6,1
c2f716d5,1
12b13199,1
e41515d3,1
56ceb04d,1
cd166908,1
03f75aef,1
cd3d9578,1
7613eba5,1
9f936bcd,1
ad5df260,1
5d28484b,1
a6c7f30f,1
07eeb8cf,1
d74c6b27,1
3a7288c4,1
2a0a3a31,1
8768fc3d,1
1ba345f5,1
61c50877,1
bc1f219d,1
2112e028,1
0df76738,1
d34260da,1
dc74cd8e,1
2cad0a03,1
2af78483,1
3df29d08,1
4dcb1c3d,1
1d6c3416,1
39ea0d4a,1
7bde2495,1
3e1d156e,1
9b986d63,1
af58ca4e,1
35b1ff37,1
63129fa7,1
73ade489,1
8cddf3d1,1
225a2dc8,1
79ccd608,1
aef1c796,1
f470877d,1
6c7a05ec,1
0b5228a6,1
13fffb55,1
cbfc38bf,1
e5d13ab9,1
97fc802b,1
7e3d6629,1
bfc9457a,1
fa521785,1
e2695feb,1
328b8a15,1
56bd9815,1
62a3638d,1
cb670b5d,1
7e495257,1
ae6e9ca3,1
e6588d10,1
41f735be,1
6aecc100,1
2f375bfd,1
6630a726,1
bea77252,1
160adb49,1
54831bb8,1
f228d860,1
37c0bafd,1
d93b67cf,1
7282610d,1
7f506fc9,1
ea064146,1
2bcee5a8,1
5d07b3fb,1
0454f4bc,1
2411fe28,1
362c5b11,1
ef8b6831,1
aa491a78,1
d61e7d15,1
52c46bca,1
caa52dd9,1
c1d43e02,1
b34d166d,1
b762e5d7,1
023c297b,1
21340b4f,1
69de52aa,1
3e024b1a,1
6dca155b,1
31a70690,1
c06215d8,1
f3c29915,1
bce3bbd4,1
0442319c,1
99834326,1
dba04003,1
f58efb40,1
d36789b9,1
1f69c755,1
c85b472a,1
fd40e802,1
7144ccf1,1
99ace8ad,1
103ae140,1
89a3a3b2,1
ddf33ea0,1
30fe7900,1
c7e5d470,1
d841e5a2,1
5b9769e2,1
1b7e4778,1
478b2c37,1
40c4b151,1
694f55b4,1
9cd4b5dd,1
db0b1da0,1
d560aca5,1
15099451,1
4aa5a338,1
b23548ec,1
bf222cf5,1
986e5400,1
ac2a0425,1
c5e0d686,1
3a952600,1
84cf5549,1
4cd7a065,1
0c5c30a6,1
8d068291,1
debdf63c,1
7f96fd13,1
ab26e761,1
2c64e88b,1
38c5a460,1
4cb741c2,1
aa6c11b8,1
d6b61488,1
013cc3d9,1
2e716b79,1
7356cd78,1
78110483,1
f56b8b43,1
5190979e,1
603b0364,1
40cd18cc,1
ba74ca94,1
e16c6be7,1
ed06a622,1
b28e7ef4,1
1fcdc9dd,1
dce349bb,1
be471295,1
244edc11,1
bfcb3246,1
94987753,1
0c94e6d8,1
d280c4f0,1
edc5795d,1
5f878a26,1
d58d3cee,1
8800e191,1
8ae0ffce,1
ad098254,1
504a3622,1
a7967fea,1
b7b0547e,1
31dc02a2,1
1fdd996b,1
c6795a88,1
2dc7794b,1
5d0aef47,1
0cd39de2,1
d1b9ef39,1
143f1990,1
bcb376ac,1
ef5f55da,1
3c2234a7,1
df18004a,1
47d35830,1
4112dae1,1
74649b7a,1
baf98131,1
507ff763,1
6965a277,1
338cb660,1
a70672cd,1
6648a4f2,1
023f1e67,1
75e4e546,1
6967dee0,1
30871227,1
23a84723,1
dc610da1,1
8a35b9b3,1
506efd8f,1
176bc847,1
0e806300,1
0c2a3f42,1
65a5e20c,1
998eff56,1
993ae691,1
725b6ca0,1
2154b87a,1
ea41d1d3,1
7edc61f7,1
3dc7b645,1
6611e713,1
c4e7e13d,1
0a42f784,1
6f454433,1
37c896ec,1
7eef0617,1
091fa723,1
e9677926,1
2d30c6af,1
0cae336d,1
b564e7e9,1
b47da77f,1
8be11c85,1
ff8e2ea5,1
ed44a0ce,1
eef62e49,1
d15ccefa,1
9d78d400,1
73bf88ba,1
846f351a,1
791c5f0c,1
058e8f9b,1
175565e5,1
05a5dd68,1
b6ee1f86,1
131017bb,1
b6cdb7d1,1
a8dc829b,1
b10b6730,1
35187051,1
c3a81dd1,1
1d562250,1
fb22fe1e,1
1b1d129d,1
7a56eafd,1
74e8ffe7,1
8cf797cb,1
558b2066,1
3c341e5d,1
996c9b3a,1
8bf0c92d,1
8a133fa0,1
08c91384,1
885b243c,1
9105f609,1
cdad3365,1
07566344,1
cbd759a5,1
a736f701,1
27d5c1b5,1
fc9b6b9d,1
43cedb10,1
350f692c,1
98c6284e,1
743e3071,1
40dc9878,1
3a7b24c9,1
95402a64,1
863ba543,1
88edec5a,1
76e69fbd,1
cdbca810,1
3ed27cee,1
26efb3c7,1
cbc39bcc,1
c7d82f51,1
15b6fbc0,1
3155981e,1
3d5bd8f0,1
d46600fc,1
7312d98d,1
dfa4d459,1
c2ad00ac,1
e5989e91,1
f4da330a,1
a9d68ff4,1
7e96aded,1
1fb42e58,1
8448f2e1,1
650d2ee2,1
c24dd8c1,1
08408110,1
11f42e08,1
6c533e69,1
c6a0c7bd,1
468ac2a5,1
3e959f05,1
a085835e,1
e08610b6,1
4c41b722,1
864c0448,1
05ca8be5,1
d07caf1a,1
328be0bb,1
5586f776,1
87059fd4,1
4dfeea73,1
56bcf3b5,1
1993e7e5,1
39d5bb25,1
85b25ba7,1
04e737af,1
93457f53,1
ca97b423,1
70ae5917,1
a6478c2b,1
c1f99e16,1
5c3af52c,1
defb47c0,1
81daef84,1
73261a34,1
6a9d6390,1
736a6cf3,1
c4d552fb,1
dce0f754,1
c747bb31,1
5c91b487,1
e0c2aae5,1
8c85cf4f,1
c134ea22,1
f5cffb60,1
85ef8818,1
470aab0a,1
447cd1e6,1
b9d25fca,1
80ebbe95,1
bce946d0,1
9a3ea981,1
746cc4f0,1
a5895e85,1
d9f8993a,1
f414ba89,1
9f5114ad,1
e9d81e3d,1
0eba48d7,1
09128fc1,1
546bc5f5,1
71d56c92,1
7e7b1381,1
0a02a9c9,1
0eb7428d,1
ea618d13,1
5ed86f12,1
90210505,1
856efb94,1
504e3d45,1
b13f7324,1
d2c6c141,1
0b04a1c8,1
f4f7caf4,1
76ed783d,1
98e23838,1
6463805d,1
29f2ae71,1
131c07bd,1
63d15142,1
44cdefc5,1
3c47c28a,1
0ac377df,1
8ff70488,1
39344093,1
bd7372f7,1
12892282,1
5fc60b52,1
b70d8a47,1
feb8371a,1
3efac25f,1
dce57158,1
bfe871ab,1
f00fe61d,1
92327bed,1
ec071155,1
89833cd6,1
463c6a0c,1
4a843974,1
2bc34af9,1
a550e93c,1
985ff4e3,1
edd4da41,1
1f757f46,1
88c75917,1
4125d62f,1
f9ccdbf1,1
8e3a0271,1
ce7c050a,1
b0f78f8b,1
bdd5a4d9,1
56b3ee78,1
14ad2474,1
f2580272,1
83449b75,1
72643088,1
7a1226ba,1
da6045a7,1
32b237fd,1
71c3f5e0,1
7449c47b,1
e3c7b77e,1
dcb3745e,1
9ae583d1,1
817f7d30,1
2d63ffa6,1
cd7e162a,1
a65726b5,1
0103442a,1
ecb76eae,1
329ad132,1
4c42fe4c,1
01a74ce5,1
5ec2836c,1
7613a820,1
81f92020,1
eb6bc4ba,1
21de2c20,1
96bd35d7,1
cf037356,1
a93318c0,1
e1728f51,1
c619ae18,1
90b5c972,1
1c519b19,1
ee1b3bf2,1
470e5442,1
05d634a4,1
b7a76afa,1
45cf9570,1
d84e7c00,1
eee2d9fa,1
3881c643,1
9bddfff1,1
5909bf0f,1
93638134,1
5c50c758,1
f109f8b7,1
789e8ca4,1
2ca969b5,1
6881d6d9,1
e7d7cdeb,1
43367322,1
2c6821a7,1
eb010268,1
cadbbefb,1
e980375b,1
8f14ff20,1
ea198c7b,1
e9675acb,1
97b51cf5,1
93b71a73,1
7218b520,1
d1f1e1d3,1
8636d29c,1
3f553017,1
9bd0ab09,1
358d65da,1
d94d3e7d,1
c0494b41,1
b8b74011,1
cedd0bbd,1
f45316e6,1
346f3607,1
f29791fc,1
6b6616a7,1
eea24edb,1
bae2b428,1
88a27a6f,1
6b2f319a,1
ce53a2c3,1
726a7007,1
8b9498c8,1
8bcc27ee,1
19b6e188,1
a8013d20,1
cd07f7c5,1
3c32ddcf,1
bf47dfc9,1
82e04d78,1
df8c1ae6,1
1f78a05e,1
d3f59781,1
88dbd40c,1
278dc372,1
7070ba30,1
b5ac20d2,1
44756d19,1
3b66879b,1
8b482a12,1
c537bd37,1
5363884c,1
05b234b6,1
b20a86d3,1
3a6bbb0a,1
ac39e58d,1
3c71511a,1
8df78a21,1
95509ab8,1
8ba9fdaf,1
04cfcc7b,1
4206551b,1
ba658bfe,1
555668a0,1
66f0082e,1
f256a3ae,1
c523aa9e,1
7b2d3ffa,1
23915934,1
5887835f,1
97bab147,1
d54738ca,1
8c000092,1
a7ad8be0,1
5b0988f0,1
7ca57e7a,1
dacc0ec2,1
c7fa3e53,1
daaecd11,1
038c9f6b,1
c477db84,1
7ad7654e,1
776dcc72,1
c6f31a23,1
339f849f,1
d037cced,1
add0fbdf,1
78b659a1,1
9dea9feb,1
c95071be,1
53bef67b,1
7168022e,1
32e55d80,1
f1c39cb9,1
5d79fe20,1
50f7f220,1
356b10ff,1
d991840a,1
70930109,1
b0a94c8d,1
30b66c25,1
edf545e8,1
7c2ccda2,1
8e225f9f,1
9fd53ba0,1
a9fc575e,1
87a4feda,1
a449634d,1
aefb37d2,1
570bc6dc,1
8706f6dd,1
030b9bef,1
af90aafb,1
6d35730e,1
a156d4e0,1
677f221f,1
81a307d4,1
636cbe23,1
c3d10e55,1
ca6b4d17,1
d84ab54c,1
8829ad30,1
3d4b70fb,1
3062e287,1
e3d8933d,1
b56ce66a,1
99a80dd0,1
3ebb5ee0,1
44876c91,1
ad971faa,1
d9a4ddf6,1
0bb699f3,1
36584402,1
5a72d5f6,1
b4f25714,1
f8c01446,1
9eee63f8,1
6d7e9c9c,1
74239a85,1
fae10043,1
1260b462,1
77c2574e,1
73d9723c,1
586dedfe,1
99344db1,1
54af04be,1
0c4e89f1,1
5e7dcdbb,1
7256c4b1,1
4788abfc,1
e18cac49,1
6bf6e23e,1
d5a7e84a,1
fd6f1fd4,1
9e63e01c,1
c630e068,1
3ceb64d6,1
303fe9f9,1
d5455a62,1
9bd752d9,1
30cf3305,1
0be9dd97,1
0ed9b9af,1
6bf5d2a5,1
c50b2141,1
942b4073,1
3df80345,1
8a53d6c7,1
1096c18f,1
3a06ad0e,1
c0e89e96,1
6b34b2dc,1
948e741c,1
8dcf8642,1
2480ab88,1
067d75c7,1
84e305c4,1
a2927e16,1
d1c042fb,1
77a628cd,1
63623c74,1
3982ff47,1
49d13573,1
9d328ce6,1
8b5d2a1b,1
86ffd10f,1
214894e9,1
437019db,1
3855e20c,1
43a44953,1
24f51603,1
b3ba1d5c,1
72d7a878,1
b6e7357a,1
d218f4f2,1
49430dd3,1
31cef0e0,1
bbe82df4,1
b5ef5400,1
b1bbad67,1
0b69be69,1
a457b3d6,1
3836a9b7,1
9345277d,1
80e3c8b3,1
5d29df91,1
237e8f0a,1
de60c7d6,1
a03819b8,1
4a4d2363,1
49424c56,1
47f72466,1
88aaad01,1
97e2e0b8,1
9b20b04f,1
799b507b,1
57c875b6,1
c4f59891,1
fb224c25,1
f9e05fdf,1
cec1e022,1
4d2c58ec,1
7a4aaf8a,1
3b841072,1
eae564ca,1
c0df9499,1
7664930c,1
1f74fb3a,1
2d153a71,1
7850ebf5,1
1236fe3e,1
bc9695b3,1
eb761e53,1
2a932623,1
700fab62,1
eb2129bd,1
fd7977ea,1
3cbc1195,1
bde827a3,1
d672f22d,1
b3b0d73a,1
04861d6b,1
87365b5c,1
433e8bba,1
ee6eef63,1
ddaf0404,1
3144b291,1
13ace60c,1
b7ee6ef7,1
60fa42ff,1
653d31b8,1
3a704eb7,1
ba55ceba,1
947a4738,1
7e6915fd,1
0f279474,1
04b72d62,1
2393a4bb,1
7de39063,1
f495165e,1
784e9c90,1
7b15f81e,1
5271b716,1
1f6a390e,1
9da8ff22,1
8cc0043d,1
e2c782be,1
56112dcb,1
0eab0a4d,1
4175fef3,1
3f1d2e8a,1
3e5e9780,1
c049483f,1
85ebcccd,1
03058f93,1
ad7cca49,1
a1fcb112,1
b16ed6df,1
ebb56f3a,1
2e87eb2e,1
9a5594aa,1
f2a5956c,1
8a500b38,1
cf612d12,1
449c3c78,1
37dcb8b6,1
0b1b3079,1
316b10af,1
8aba61ef,1
c97b8f72,1
393e0231,1
2ec10cf2,1
192302ec,1
c4e31a02,1
6dfaa6ef,1
3ee8b18e,1
5c502fc1,1
3128f346,1
22b881c2,1
cc9a5996,1
e9f10216,1
67aade2c,1
4be82d4c,1
62e9f9cb,1
08668ecb,1
bcfa1285,1
160b5f23,1
ffb96098,1
3e403eec,1
0154a1bd,1
f7d9e100,1
7b86ecf5,1
9cf4f797,1
6530196d,1
8b7e5bea,1
f5ca54d5,1
6ae28c2e,1
792152b3,1
a6d32fd2,1
0aa8360c,1
2b68e2b4,1
615315f6,1
ae0dc8e2,1
a1d13524,1
ad49e0d6,1
7f473e21,1
e0bef8f7,1
01730149,1
5b0baaca,1
8f2a9736,1
bacaf831,1
d06bf7f3,1
bfdf7985,1
55e481f9,1
bddceb6e,1
2d8737eb,1
b0d91050,1
90c35272,1
de7b9abf,1
b6ed1cd8,1
c771143a,1
fc0a2ef3,1
00b7a02c,1
cbed0d13,1
bcdb5dfd,1
8a8d39d7,1
cba724bf,1
530a5c6d,1
33ec5af4,1
c057ade4,1
09871f50,1
71583133,1
0b0c4e02,1
c50f8938,1
80dec1a7,1
c9a11571,1
25e43b5c,1
d3405d4e,1
84d744f9,1
f22e56f7,1
e2f99a02,1
ae3fb14c,1
5236f9b8,1
4e5bbd14,1
3e841a8c,1
ab7361e4,1
4ca4b1dc,1
53a3b9f5,1
36ce4940,1
13129b11,1
9d4ea461,1
7ae396d1,1
c2856f8c,1
f33ee60d,1
099d78c1,1
aebfdf59,1
8f29881e,1
34c650d3,1
b826f781,1
0caed7ba,1
dc17bed2,1
97af3351,1
71380e30,1
8f49760f,1
9f93fe6f,1
d7a4772d,1
d900b25b,1
f83c7017,1
faab9c3f,1
20cc0e92,1
a981ae3f,1
83eeae3e,1
80c80106,1
1cdfa517,1
ae56d181,1
035511b0,1
f08773eb,1
4fe8e14d,1
90980394,1
889674d5,1
30a1e755,1
999a48db,1
86317891,1
b253a94c,1
081e771c,1
fb314648,1
de9d0113,1
9ea50650,1
45aa9764,1
370aff8d,1
3f356b52,1
4f923292,1
502b3671,1
5b24950b,1
31b5bf2e,1
478f4ddd,1
2096fc16,1
2a9438a6,1
0bd1f990,1
e9823e28,1
ebb305f6,1
cc3106c6,1
1ae09190,1
d1465782,1
6456fcb0,1
bccb5a42,1
1932803f,1
5e2f1b1f,1
3b4240a4,1
650fd63e,1
213345d8,1
2d1e8a0a,1
7e5ead37,1
b325f826,1
d3376f17,1
45009fcd,1
3122a596,1
11900537,1
eee664f8,1
ad93b53d,1
ead8bbc0,1
57008758,1
209cca59,1
a58b3971,1
fcb53913,1
f1bd268c,1
f5ba468b,1
035182bd,1
ea9d5bdd,1
e847054c,1
66d00021,1
0fc004df,1
b010f6b2,1
37309dfd,1
869fb854,1
2941860b,1
ec627cf9,1
1bc8ae95,1
36b3d087,1
14a059cf,1
bdffaa6d,1
19230816,1
1cd0e772,1
42a62205,1
aadc32c7,1
0b0fe01a,1
e0b0abdf,1
ca7855d9,1
1d5f54ea,1
44ae5840,1
5bcc8df7,1
7cac9390,1
2f3b55be,1
70235915,1
050f1ca7,1
6832e29d,1
4db9e0c2,1
aa4a364c,1
df458f55,1
186e4b0d,1
53fdcb6b,1
f80f1841,1
b7d6cd68,1
65fb317f,1
2da35ac4,1
a3bc28eb,1
b38cb7bf,1
9a897522,1
470c12ee,1
1e8e401c,1
9421d119,1
9c9e65a9,1
5edaa645,1
b80f7afe,1
dd299bdb,1
ce5f8be8,1
a1857392,1
66be9bdc,1
8bdf278a,1
7e065e82,1
76d4f91b,1
7c0d71b4,1
627c090e,1
30bb9f15,1
3345b48b,1
9aebfe50,1
0cb6bd09,1
07c6dbc6,1
e807067f,1
b9f539ed,1
ba2a15b9,1
bb6ee5db,1
41bbf51e,1
9bdad3bc,1
a8333770,1
e8517abb,1
066a008e,1
28a44b03,1
187bd1f1,1
c5dd6175,1
63eefd46,1
7e655f2e,1
2a6e7e86,1
168e819f,1
83f296a3,1
1a099664,1
b9d2c40d,1
8efd4459,1
b08999e3,1
6c91ecd0,1
92b6e628,1
c25ee8f6,1
9d67ba3b,1
42b21991,1
b4249374,1
695e050f,1
8de948f7,1
e45f2e94,1
bb820c33,1
bb212b05,1
ffb48824,1
191fbd67,1
6b8227ac,1
d40939ef,1
4e9e425a,1
c635767a,1
66e15325,1
add9d107,1
91b55748,1
eab27f7c,1
f279a526,1
6bf69a84,1
6ffa5724,1
8cd23685,1
182f46c8,1
be6f5b87,1
3fef3187,1
456092c4,1
03f5a965,1
d6c9f557,1
acadd224,1
651cf020,1
286eee0c,1
2a694dfd,1
de05ca01,1
56e32b68,1
8b846d93,1
d04bc558,1
72e23267,1
cf4f45be,1
eb1d37f3,1
8f75f9ed,1
d914ae6b,1
53e7afd6,1
7c50860c,1
15768302,1
d9561aae,1
6ed75f91,1
1aa33724,1
414f74f3,1
f332d8ae,1
c6b4c02f,1
a09bbf35,1
8d3599e1,1
a854c3a4,1
4798694b,1
34f0dc74,1
fc170c99,1
1e532087,1
91979b2b,1
7bd9c242,1
acdde27f,1
d4ad23cd,1
c961df8b,1
69831cda,1
ae1a1877,1
950e4e9b,1
2a7055e0,1
11ab620c,1
1c6cea16,1
f31ae096,1
9e5fe3b0,1
1b451899,1
a5f78b34,1
45225542,1
d1dcb50a,1
32753fa8,1
7c57a993,1
9ef256a7,1
00540ac3,1
cf531b18,1
d8ca939a,1
367f2a72,1
910bb457,1
4943074b,1
37a8ef8e,1
0a3becb3,1
4a7c7925,1
090d79ba,1
f12a8d27,1
479b6895,1
88b1624c,1
36335d21,1
3e60e3b6,1
2397aee5,1
6797a653,1
45635373,1
fa8a9af1,1
780e524d,1
7d9f518b,1
4f9f3fb2,1
7529a713,1
9b4d4c32,1
a94dc1ec,1
8e4651ff,1
cc8b82e7,1
1fcf727c,1
fbbdfd2d,1
d1b92496,1
40ffa311,1
7c0a6a39,1
b75e770a,1
13ad359c,1
54cbd6ed,1
ac8e2d32,1
51f77c7c,1
558db2fe,1
97424e56,1
1d086ddc,1
a0e1339b,1
7b439a5b,1
0370c00f,1
dd6a7651,1
e13acb74,1
b59ae3e0,1
57213549,1
1be88158,1
068119dc,1
5bc2f72e,1
0e42942c,1
7c30e481,1
76262f5b,1
73ddd314,1
b9e5ae91,1
40a67dea,1
f8bef9c9,1
e7103060,1
7822b3a3,1
dd9d3146,1
1a9df86f,1
4950e14d,1
fc813379,1
a51b6a3c,1
0715c2d5,1
b891efdd,1
47b310cd,1
26cff701,1
dd00bd78,1
31bf6b49,1
da9d6b48,1
21d9cb43,1
e22557d5,1
415e6eff,1
1b2d4beb,1
45d3ee60,1
b3d2fa41,1
28b43ce5,1
412cc6b2,1
cd4ad290,1
5d5a3a35,1
6dc639fa,1
f6942629,1
0b632eba,1
bd76c372,1
e25da31f,1
2e1f955a,1
374ea53f,1
c8371c2f,1
19162471,1
a696254f,1
ce60b941,1
1d4fdaae,1
e742795f,1
53eac957,1
5376b083,1
7065bb0f,1
571c16d4,1
25854834,1
a29f6231,1
47a4fea5,1
3c45432d,1
408847bf,1
4215af03,1
9db456ee,1
8a3468be,1
4c2cf4c2,1
5a3fe55d,1
9b186936,1
51512e80,1
fc5f3203,1
e35b32b4,1
7c016be4,1
94c885b7,1
56dbe12f,1
54532b45,1
8e13007c,1
86d3702a,1
a15769e7,1
e2664451,1
b61c38b4,1
94bd9f11,1
8401a322,1
c842e924,1
9cfad710,1
27e62693,1
ce19805a,1
49656ced,1
d2c97770,1
1125b0a9,1
f55c5bc8,1
96b00257,1
adf56848,1
a1a4e310,1
8fde0b42,1
2e7bfe6c,1
cee742a4,1
f54a079d,1
8fe31f44,1
acca2791,1
e6f8694e,1
df4cc6e1,1
b6318a10,1
db144665,1
f0321577,1
e23a21d2,1
e7e1e9d1,1
47e69a71,1
4bb764a8,1
8137073a,1
d1a1b93d,1
e148f72c,1
3cce8b15,1
206f57e4,1
54ccf632,1
67e517aa,1
b4d1216d,1
bb861eed,1
34085590,1
1e2cfb35,1
c02b3794,1
01923381,1
4a690387,1
d9efee4b,1
3f55a88c,1
a23d049c,1
8cc8661f,1
8986ae5f,1
cb29630b,1
4604a1be,1
72e9b451,1
96bdedc0,1
af4fa351,1
3383bf27,1
4ca7a5d5,1
0202ea69,1
c24a02c1,1
11bb2366,1
10a15565,1
5c73443d,1
8aa3b0f9,1
e482a42d,1
6ca8ad1b,1
7a66385b,1
ca85651e,1
d65d038e,1
3d4b6800,1
80aeb270,1
f5170e83,1
54d539a3,1
5cc8fcff,1
018bb5ed,1
a33a5a85,1
d1827d23,1
cab5fa8a,1
22bb324c,1
fe542303,1
29683209,1
c8a257e6,1
ce9934d3,1
e5ef0966,1
cfa08a20,1
e2a8d67a,1
ed2a26ac,1
1c166f2b,1
60ee9e53,1
23254cea,1
cabc8466,1
c94fc049,1
fa9c1c60,1
14f25197,1
5da24733,1
efd72429,1
4b9d1846,1
17101910,1
d54219d4,1
548303d8,1
82040f64,1
54621b80,1
c0bdc297,1
b0f811e8,1
f8be0499,1
474dc03f,1
3a0e5e23,1
2140bb94,1
62de64cd,1
a2021e36,1
4e9e4563,1
ce76a627,1
84e4981c,1
e63c1b97,1
c6851e1d,1
3673e83c,1
b952c0c0,1
3a0d9165,1
f1c5b586,1
f33095ce,1
f73de75a,1
d25deb9e,1
dd42b9be,1
4bf447f4,1
c3d32506,1
80ce374b,1
29272548,1
f2b7d6dd,1
963ccf8c,1
f3dab963,1
a29589fc,1
42b371fc,1
8503b250,1
58d0f9cf,1
590eecee,1
4126d519,1
4c8365f8,1
3e4026f4,1
4fe861ac,1
4809b097,1
07cc4a17,1
8a9207f1,1
45a07786,1
9669d671,1
f417ebfe,1
63a1049c,1
3018b01d,1
66ed472f,1
936c78cf,1
bd96b674,1
6f36087d,1
a2fdd7ed,1
e9a0f666,1
39a292e2,1
fe944b84,1
e77779c4,1
e37d99f2,1
b90b0a45,1
2fdf950f,1
d96213f1,1
214e766b,1
b936f362,1
23eca5fc,1
f6ade3e3,1
24b6528a,1
e00f87df,1
0950fe2d,1
4a9d9f82,1
81207e5d,1
3d933050,1
71adcfda,1
b39946d9,1
195c3731,1
52f7a22f,1
2adf0961,1
ee712dc0,1
8461ac48,1
2ec96eaf,1
9dc6fb84,1
76c54ddc,1
8c62b31b,1
9fac0e27,1
fcd4100c,1
824d1ac4,1
b9083588,1
ea80691f,1
0d750c3c,1
2b8a73a4,1
34f41145,1
3a282502,1
07147759,1
c39cd576,1
95822096,1
5bf9d336,1
1cf6da84,1
7a315c7a,1
3ada9f9e,1
1dabbac8,1
322df5dc,1
37f861ff,1
371164db,1
544a8abf,1
a65c51c8,1
c44f336c,1
26e5dd4d,1
299da38b,1
a4c0b4d5,1
3ce0d3a4,1
d3c9dbcc,1
e85c9821,1
e3e4703f,1
091a5156,1
4901ad5e,1
6ae32d74,1
7e174c6c,1
7eaa7733,1
da5553e9,1
c690af9c,1
b7f32447,1
da0b2159,1
677b1e0e,1
7f1c260c,1
12b10abf,1
f7542ec6,1
f91810cd,1
11af7666,1
ec4fbb02,1
60809367,1
74787a4f,1
5d977e4e,1
489f3b5e,1
5f24f104,1
23456b90,1
83118278,1
799a1c38,1
8022051c,1
ed1d79bd,1
f08f4193,1
87032b0f,1
f29e03ca,1
785751bd,1
24354b6e,1
6e7e3739,1
67336c89,1
4cfb327b,1
fe12692d,1
e74ccbb1,1
2bf02595,1
b904bf3f,1
79f0f481,1
f58271ec,1
b7482755,1
f1a2929c,1
ad50fc2a,1
14942514,1
ec9ec691,1
ea5d6b19,1
5cfea0da,1
a0abc596,1
885c4ba1,1
da1a8438,1
9ea45107,1
d8565573,1
76dcfed0,1
eec4d57d,1
eded2fe0,1
b2797daa,1
ed400eb8,1
b5602b7f,1
fdef404b,1
6464c9f5,1
0e6541db,1
6108d99d,1
f21fe000,1
2936198a,1
c6c4e420,1
5ee2975c,1
8a2d0ce9,1
54f77d4e,1
0a40bf42,1
71692307,1
de15e077,1
7dfb7947,1
214cd50e,1
0a7e721a,1
09febb7a,1
f8a3189a,1
ab6e5adc,1
3f064b29,1
454853c9,1
ffa77e0e,1
a93a286a,1
20819d00,1
ac509a10,1
7b55b50a,1
456ebd4e,1
26c8620c,1
82c3283b,1
107c1f46,1
3f7ece23,1
5e36730f,1
761f5d77,1
0bf1e85a,1
c85bc200,1
15c46167,1
4c3e87b5,1
245d4e08,1
d3c761c2,1
610ec1c8,1
0c5406e0,1
7339a8ad,1
b8b2a4c9,1
e2c5bd6b,1
8f7f5a27,1
09658c41,1
3a6420d8,1
da96d23f,1
8614c64b,1
fcaddf4b,1
1327ab8d,1
00c8dcfa,1
95ee0f73,1
f475386b,1
2657cf59,1
aff26014,1
3951b783,1
a0700f18,1
72ba672e,1
08aeda80,1
89afe09f,1
6dfcb5b0,1
c19db946,1
7b352455,1
16511bd5,1
e6085ac3,1
a64b0c2d,1
3c967e55,1
b748dd9c,1
1f16d642,1
3c22f172,1
f319127a,1
4062ff26,1
143c6fcd,1
953cd110,1
059f0ea8,1
bbfa429d,1
88d5d44f,1
a3d35a05,1
4b867cd7,1
a29d10c9,1
40517bcc,1
24571871,1
733b69fd,1
c536ec3b,1
a550e233,1
9f310340,1
0405ec0a,1
6b7b4d08,1
e24af3a8,1
07918801,1
c8af5f32,1
9f1d4269,1
4ad77518,1
ccf1b665,1
5b30b987,1
0ee70cbf,1
e5b14131,1
43082b47,1
afed7d3d,1
ecdf8ae5,1
8859d7a0,1
06046786,1
ce1cbc49,1
33070c3b,1
2a7af16f,1
127a985e,1
2d1db93c,1
649d54b6,1
16338599,1
fc18537d,1
cf53a1c1,1
609df80e,1
6a387efd,1
609af34b,1
96cba567,1
e11883fd,1
e3780954,1
f9dffa6f,1
b17b73ac,1
f3f8f6ba,1
6b68e478,1
0bfdf1db,1
c1660114,1
dc51f0c7,1
a0ef71a1,1
edc6110d,1
5f98692f,1
d58319b7,1
82169aa8,1
1c060a31,1
a617a5dd,1
9163f35c,1
3cfcdd17,1
c7d7a2da,1
9bd04540,1
e183a84e,1
b078539d,1
31ad49fa,1
167c1174,1
f0e042ba,1
70b08fc4,1
99eb0ed5,1
505b6675,1
8ee9ccd3,1
29591be4,1
27fea90e,1
ea685cf3,1
7202f415,1
3f951b89,1
bd33aeb6,1
da5d3416,1
c904ad7e,1
8948daa0,1
5f9a6ed6,1
be1278cf,1
454c8dee,1
6f6a2185,1
3a921f89,1
11df9eac,1
eac8352f,1
5a7873e5,1
f096868a,1
2493c538,1
483d76be,1
241a4e73,1
c407c61f,1
ff7853c2,1
e281fc7d,1
b7fd111e,1
22fc35d8,1
050a97ca,1
095a92bc,1
e459a225,1
ccd6e339,1
d6fba0eb,1
27a3fab8,1
17e45607,1
b4f249e8,1
1a7845e0,1
054799da,1
f94a428a,1
330ac3cc,1
08e64ae7,1
65a8461e,1
38f8abc4,1
27364523,1
36fd9b90,1
41448004,1
7fa1bb51,1
f4a92b2e,1
cf0c009a,1
e7fc2b5b,1
3128e016,1
b7ae251b,1
9f1b67b2,1
65f002de,1
12f4c808,1
8091f66f,1
a27cb3ac,1
653c662e,1
e3870c56,1
9ded1b5a,1
474b716c,1
5ea81e3b,1
d2cdd86a,1
828a889f,1
ef5bbd54,1
09264573,1
0db3b82a,1
b96ce54c,1
5e87ffa5,1
5d396a78,1
361cb7d6,1
44acb732,1
11f18d82,1
a095d47b,1
c66629cb,1
bc8edbe8,1
649f64c2,1
ea5c9505,1
693aa692,1
20b82908,1
a8ec62a0,1
02ef0837,1
f26d7cf8,1
af6a9505,1
1bed5233,1
b594e0c8,1
72a3f540,1
bd8fc4c8,1
03813cf9,1
c11fd576,1
bfca9b79,1
2fe4b87d,1
5bcd2974,1
27ac9721,1
21aef0cd,1
48314b2f,1
2cffef7d,1
805fda26,1
d53b85d4,1
fd414713,1
a9ef9e8f,1
c54f587c,1
a082c241,1
e8e3d1b9,1
b1d1bb8a,1
2a56756d,1
453b85a1,1
0cccc0a9,1
ecffd883,1
3cac9c9f,1
63871220,1
be32eac8,1
7f6b6142,1
72dae7ef,1
9d262df8,1
55577916,1
ea0c0b89,1
404fcb6d,1
552eca91,1
ad8df1b0,1
ee19d3ea,1
8cadb7d6,1
6c1fd66a,1
901542e4,1
a68c1464,1
83b985ec,1
2790f467,1
54da0b2a,1
bf02a29d,1
584db33c,1
2b4da0a7,1
00bdc189,1
efb96ff4,1
2510cf33,1
d42a3641,1
3200a968,1
7fffc6c5,1
d1590a3a,1
2cbb6d9c,1
2c96424d,1
9cde431a,1
87065c0b,1
10549340,1
de71e070,1
0f72c865,1
8c510610,1
b4907587,1
a7ea4f92,1
0783aa2f,1
05d7faa3,1
473eaa1c,1
a5cbd1f7,1
9cf78e04,1
4366240a,1
e63d49de,1
1589dcce,1
cda8e010,1
7c4a1f58,1
f172b219,1
b5517251,1
a655090f,1
746e7ef1,1
a73c35c1,1
6175cc1d,1
01183085,1
0502eb19,1
8068488f,1
a9106c6a,1
c7e92774,1
51327a8b,1
58f35d21,1
b2f2b8ea,1
c9a45f6a,1
461e0646,1
cb1f9522,1
225d4975,1
653a4b96,1
aa3e15d6,1
f8dd6eb8,1
522be11a,1
bc6ddcdf,1
1de848e8,1
4254b463,1
7df39868,1
3e6b6557,1
ab71195f,1
57bae059,1
c96a5f8a,1
03d1e163,1
d40233af,1
71d8f44d,1
d275de5f,1
804d8755,1
a3767481,1
07c59b27,1
575eefdb,1
7588e79f,1
3c0ed463,1
2c3a9a42,1
6d072719,1
31f9372c,1
4ca28c68,1
709cf0fc,1
996b891d,1
89f62742,1
5fc87bd8,1
2de1b76f,1
0a80e9ba,1
d9445373,1
c10726dc,1
b47a1f9b,1
23322423,1
524e17ee,1
a68cedef,1
ddfae0b6,1
f0a0efad,1
7f90b9ef,1
a86aae71,1
cdbe695a,1
3ce22412,1
bd6013f3,1
1e37ce37,1
e3d4f3cc,1
903961dc,1
c827cda8,1
b1d1c1a1,1
fb2fd972,1
f18bc166,1
8a1210af,1
4300f105,1
38e3f669,1
a1a9a618,1
b2770aa4,1
94c42801,1
88c84c72,1
842b35c9,1
f44e81a4,1
02a5c8ba,1
04a0367c,1
5e969f2f,1
46a8b216,1
7e1f7b7e,1
55a60950,1
b3e95f90,1
80e3e46d,1
a2f0b884,1
2bbeb11e,1
dd14e53a,1
d87af9f7,1
4e289ff2,1
7b5ce0b0,1
0f6a450f,1
8afc0d16,1
3bb8e0ba,1
6d238982,1
6752ec0c,1
6b29f962,1
e7e47bf9,1
121011e1,1
3102d2a3,1
5367271e,1
2168d9f1,1
8a25e6df,1
05c10a25,1
f5ec8d86,1
e948bd8e,1
529ef17a,1
d1aa90e9,1
b72291fa,1
ceec63ee,1
a3ea38cb,1
f3679885,1
3b03292b,1
3d198d2b,1
bd17e728,1
0373f1b8,1
632f58ff,1
1a671e97,1
845d4757,1
84d42106,1
fe4b2d0a,1
1bce0c21,1
daa059fb,1
5a4165ce,1
b7edfff6,1
0e1038f8,1
34c6efc4,1
076966f9,1
66e60648,1
01f3f2c4,1
30dc2bd9,1
fb58c5f1,1
d90161fd,1
5403b75f,1
9077bbdb,1
ec3e4306,1
f50b8029,1
86e3aaad,1
26a13d35,1
0ea99cf0,1
732ea14f,1
b145fb40,1
193656f9,1
3fb18659,1
f5edceb0,1
cdbb5eb8,1
07ac5db6,1
6873dc3b,1
f27fabcb,1
f1425c3f,1
46b1b7ec,1
cd266930,1
d10a42f0,1
546742d6,1
8bf2f78d,1
606a2b60,1
4b3a42e8,1
ac788c94,1
3de75364,1
33240dbd,1
c67bdcbd,1
15acfba3,1
e2f558d5,1
4bb1276b,1
168594bd,1
91a43309,1
cd64fffa,1
c9bdae91,1
f36761f4,1
91e68d6c,1
a47e23c5,1
7b52ee7a,1
9fdc1478,1
d6fb1652,1
fd144b7b,1
47f9a3dd,1
bd35cf65,1
32060d19,1
2c676318,1
0f410f42,1
27acf8c9,1
9a7977c5,1
ecc4fbec,1
d6905688,1
b85a97e6,1
a3ed8dd7,1
100afc36,1
5d5c6003,1
4ca2340f,1
834a7f00,1
439df8b6,1
aa3ab741,1
8f005a9b,1
94479bff,1
fe8aafd6,1
f1d3acb4,1
54ee1270,1
b2a7ea62,1
170e3d10,1
c5457019,1
8079a6a1,1
f40290d1,1
f3a4392d,1
726d2de1,1
93e3d40d,1
e8b5d25f,1
c05eaa53,1
818782f0,1
b00ab9d2,1
95904e93,1
45128baf,1
aed100d8,1
116a89ca,1
3254f3a6,1
53beabf2,1
53e71eb3,1
d8f529f1,1
7c2f4bc2,1
09e0f62f,1
8d5c46ec,1
509a98fa,1
4cb19c42,1
a58d37e4,1
759acdb7,1
30a82877,1
4b07acc1,1
fe3a303f,1
3ccbdc20,1
b7787d1d,1
1ca2e110,1
a6c7302a,1
b8b60281,1
93e7a4c0,1
6106a5eb,1
6e922d35,1
016429ac,1
3c003c0a,1
563f78f7,1
7766dcfe,1
bd16c4e3,1
76358bd1,1
f1be3eb7,1
14e9ca78,1
4763ea8c,1
0df76591,1
de8de64e,1
40acddc4,1
0e89c3e4,1
386da1a2,1
e3542bb4,1
2a5ccfa5,1
8da2f3e7,1
00ecadd5,1
0b6163dc,1
2a9622c7,1
b64e6a5f,1
a9d757d5,1
3bd43af1,1
66a33575,1
03b7002c,1
69733326,1
99c03eca,1
d76a6c2a,1
01025530,1
084d93b5,1
d602a509,1
6dcf65d8,1
530b791d,1
89e59f3d,1
776560e6,1
64258a8d,1
81bfbf76,1
463b4a00,1
686428cc,1
03ba9eea,1
c8ee2485,1
871836b8,1
5c0952ac,1
57ab1e32,1
afdb359b,1
463f06a0,1
8a51687d,1
c9fafe36,1
827794f2,1
2172c6d5,1
3fb6c306,1
e4baed76,1
b4f2347d,1
5fd0453b,1
23b2a42e,1
f45724d7,1
af39ca2b,1
f2b2a323,1
31f0d7f5,1
3f754726,1
ed48341a,1
8b93cb55,1
d9c71776,1
ef741c53,1
acc6e069,1
2d7b2d77,1
f7ad9e0a,1
72994927,1
b9177a61,1
6d5d1395,1
28a96f53,1
5f7eb68b,1
eb56b215,1
3c947c68,1
1a9361bb,1
240cafda,1
af8a49f3,1
f9e7d2a8,1
156304ed,1
977f0f7b,1
7c0eb471,1
83319d77,1
478ad356,1
cff3e291,1
076a7e17,1
077dbf1e,1
7abeaac8,1
5f9542f5,1
480abba8,1
92b56e86,1
4e719a07,1
33ddaaac,1
8ba24c06,1
8c90927d,1
c202f342,1
1a320716,1
8df4b1f2,1
9bbb3414,1
aa2f962a,1
dd8b8271,1
97cb6390,1
4b6adf33,1
dba75fe1,1
c0727065,1
ca698621,1
68e57b7d,1
18eb0dc8,1
f76379fb,1
575c8a4a,1
2904aff5,1
f60810e8,1
